product_handle,product_title,product_type,variant_sku,variant_name,variant_price
"the-inventory-not-tracked-snowboard","The Inventory Not Tracked Snowboard","snowboard","sku-untracked-1","The Inventory Not Tracked Snowboard - Default Title","949.95"
"gift-card","Gift Card","giftcard",,"Gift Card - $10","10.00"
"gift-card","Gift Card","giftcard",,"Gift Card - $25","25.00"
"gift-card","Gift Card","giftcard",,"Gift Card - $50","50.00"
"gift-card","Gift Card","giftcard",,"Gift Card - $100","100.00"
"the-archived-snowboard","The Archived Snowboard","snowboard",,"The Archived Snowboard - Default Title","629.95"
"the-compare-at-price-snowboard","The Compare at Price Snowboard","snowboard",,"The Compare at Price Snowboard - Default Title","785.95"
"the-minimal-snowboard","The Minimal Snowboard","",,"The Minimal Snowboard - Default Title","885.95"
"the-draft-snowboard","The Draft Snowboard","snowboard",,"The Draft Snowboard - Default Title","2629.95"
"the-hidden-snowboard","The Hidden Snowboard","snowboard",,"The Hidden Snowboard - Default Title","749.95"
"the-out-of-stock-snowboard","The Out of Stock Snowboard","snowboard",,"The Out of Stock Snowboard - Default Title","885.95"
"the-videographer-snowboard","The Videographer Snowboard","snowboard",,"The Videographer Snowboard - Default Title","885.95"
"selling-plans-ski-wax","Selling Plans Ski Wax","accessories",,"Selling Plans Ski Wax - Selling Plans Ski Wax","24.95"
"selling-plans-ski-wax","Selling Plans Ski Wax","accessories",,"Selling Plans Ski Wax - Special Selling Plans Ski Wax","49.95"
"selling-plans-ski-wax","Selling Plans Ski Wax","accessories",,"Selling Plans Ski Wax - Sample Selling Plans Ski Wax","9.95"
"the-complete-snowboard","The Complete Snowboard","snowboard",,"The Complete Snowboard - Ice","699.95"
"the-complete-snowboard","The Complete Snowboard","snowboard",,"The Complete Snowboard - Dawn","699.95"
"the-complete-snowboard","The Complete Snowboard","snowboard",,"The Complete Snowboard - Powder","699.95"
"the-complete-snowboard","The Complete Snowboard","snowboard",,"The Complete Snowboard - Electric","699.95"
"the-complete-snowboard","The Complete Snowboard","snowboard",,"The Complete Snowboard - Sunset","699.95"
"the-collection-snowboard-hydrogen","The Collection Snowboard: Hydrogen","snowboard",,"The Collection Snowboard: Hydrogen - Default Title","600.00"
"the-multi-location-snowboard","The Multi-location Snowboard","snowboard",,"The Multi-location Snowboard - Default Title","729.95"
"the-collection-snowboard-oxygen","The Collection Snowboard: Oxygen","snowboard",,"The Collection Snowboard: Oxygen - Default Title","1025.00"
"the-3p-fulfilled-snowboard","The 3p Fulfilled Snowboard","snowboard","sku-hosted-1","The 3p Fulfilled Snowboard - Default Title","2629.95"
"the-multi-managed-snowboard","The Multi-managed Snowboard","snowboard","sku-managed-1","The Multi-managed Snowboard - Default Title","629.95"
"the-collection-snowboard-liquid","The Collection Snowboard: Liquid","snowboard",,"The Collection Snowboard: Liquid - Default Title","749.95"
"lego-marvel-super-heroes-marvel-avengers-infinity-war-outrider-dropship-attack-set","Lego Marvel Super Heroes Marvel Avengers Infinity War Outrider Dropship Attack Set","TOYS","TOY01","Lego Marvel Super Heroes Marvel Avengers Infinity War Outrider Dropship Attack Set - Default Title","26.00"
"lego-batman-movie-clayface-splat-attack","Lego Batman Movie - Clayface Splat Attack","TOYS","TOY02","Lego Batman Movie - Clayface Splat Attack - Default Title","32.00"
"lego-super-heroes-attack-on-avengers-tower","Lego Super Heroes Attack on Avengers Tower","TOYS","TOY03","Lego Super Heroes Attack on Avengers Tower - Default Title","115.00"
"lego-mobile-command-center","LEGO Mobile Command Center","TOYS","TOY04","LEGO Mobile Command Center - Default Title","75.00"
"lego-duplo-fun-family-fair","LEGO Duplo Fun Family Fair","TOYS","TOY05","LEGO Duplo Fun Family Fair - Default Title","86.00"
"lego-super-heroes-mighty-micros-wonder-women-vs-doomsday","Lego Super Heroes Mighty Micros: Wonder Women Vs.Doomsday","TOYS","TOY06","Lego Super Heroes Mighty Micros: Wonder Women Vs.Doomsday - Default Title","19.00"
"lego-juniors","LEGO Juniors","TOYS","TOY07","LEGO Juniors - Default Title","36.00"
"lego-bumblebee-helicopter","LEGO Bumblebee Helicopter","TOYS","TOY08","LEGO Bumblebee Helicopter - Default Title","25.00"
"lego-2016-sergeant-jyn-erso","Lego 2016 Sergeant Jyn Erso","TOYS","TOY09","Lego 2016 Sergeant Jyn Erso - Default Title","43.00"
"lego-captain-phasma","Lego Captain Phasma","TOYS","TOY10","Lego Captain Phasma - Default Title","43.00"
"hasbro-games-yahtzee-classic","Hasbro Games Yahtzee Classic","TOYS","TOY11","Hasbro Games Yahtzee Classic - Default Title","13.00"
"hasbro-fur-real-snifflinsawyer","Hasbro Fur Real Snifflin'Sawyer","TOYS","TOY12","Hasbro Fur Real Snifflin'Sawyer - Default Title","38.00"
"hasbro-monopoly-star-wars-game-set","Hasbro Monopoly Star Wars Game Set","TOYS","TOY13","Hasbro Monopoly Star Wars Game Set - Default Title","32.00"
"hasbro-fantastic-gymnastics","Hasbro Fantastic Gymnastics","TOYS","TOY14","Hasbro Fantastic Gymnastics - Default Title","25.00"
"hasbro-gaming-pie-face-sky-high","Hasbro Gaming Pie Face Sky High","TOYS","TOY15","Hasbro Gaming Pie Face Sky High - Default Title","38.00"
"hasbro-gaming-monopoly-junior-electronic-banking-game","Hasbro Gaming Monopoly Junior Electronic Banking Game","TOYS","TOY16","Hasbro Gaming Monopoly Junior Electronic Banking Game - Default Title","29.00"
"hasbro-jenga-pass-challenge-game","Hasbro Jenga Pass Challenge Game","TOYS","TOY17","Hasbro Jenga Pass Challenge Game - Default Title","25.00"
"hasbro-pie-face-showdown","Hasbro Pie Face Showdown","TOYS","TOY18","Hasbro Pie Face Showdown - Default Title","36.00"
"hasbro-all-new-boggle-game","Hasbro All New Boggle Game","TOYS","TOY19","Hasbro All New Boggle Game - Default Title","22.00"
"hasbro-taboo-board-game","Hasbro Taboo Board Game","TOYS","TOY20","Hasbro Taboo Board Game - Default Title","28.00"
"nintendo-patented-3-0inch","Nintendo Patented 3.0inch","TOYS","TOY21","Nintendo Patented 3.0inch - Default Title","45.00"
"nintendo-switch-with-neon-blue-neon-red-joy-con","Nintendo Switch with Neon Blue/Neon Red Joy-Con","TOYS","TOY22","Nintendo Switch with Neon Blue/Neon Red Joy-Con - Default Title","468.00"
"nintendo-snes-classic-mini","Nintendo SNES Classic Mini","TOYS","TOY23","Nintendo SNES Classic Mini - Default Title","131.00"
"nintendo-entertainment-system-nes-classic-edition","Nintendo Entertainment System: NES Classic Edition","TOYS","TOY24","Nintendo Entertainment System: NES Classic Edition - Default Title","57.00"
"nintendo-super-famicom-mini","Nintendo Super Famicom Mini","TOYS","TOY25","Nintendo Super Famicom Mini - Default Title","94.00"
"nintendo-2ds-link-edition","Nintendo 2DS Link Edition","TOYS","TOY26","Nintendo 2DS Link Edition - Default Title","249.00"
"nintendo-dsi-matte-red","Nintendo Dsi Matte Red","TOYS","TOY27","Nintendo Dsi Matte Red - Default Title","300.00"
"nintendo-new-3ds-xl","Nintendo New 3DS XL","TOYS","TOY28","Nintendo New 3DS XL - Default Title","389.00"
"gamesir-f1-joystick","Gamesir F1 Joystick","TOYS","TOY29","Gamesir F1 Joystick - Default Title","78.00"
"nintendo-hdmi-game-consoles","Nintendo HDMI Game Consoles","TOYS","TOY30","Nintendo HDMI Game Consoles - Default Title","125.00"
"nerf-n-strike-elite-retaliator-blaster-toy","Nerf N-Strike Elite Retaliator Blaster Toy","TOYS","TOY31","Nerf N-Strike Elite Retaliator Blaster Toy - Default Title","32.00"
"nerf-n-strike-elite-jolt-blaster","Nerf N Strike Elite Jolt Blaster","TOYS","TOY32","Nerf N Strike Elite Jolt Blaster - Default Title","12.00"
"nerf-modulus-stockshot-blaster","NERF Modulus StockShot Blaster","TOYS","TOY33","NERF Modulus StockShot Blaster - Default Title","22.00"
"hasbro-nerf-elite-triad","Hasbro Nerf Elite Triad","TOYS","TOY34","Hasbro Nerf Elite Triad - Default Title","10.00"
"nerf-n-strike-elite-hyperfire-blaster","Nerf N-Strike Elite Hyperfire Blaster","TOYS","TOY35","Nerf N-Strike Elite Hyperfire Blaster - Default Title","66.00"
"nerf-modulus-ecs-10-blaster-toy","Nerf Modulus ECS-10 Blaster Toy","TOYS","TOY36","Nerf Modulus ECS-10 Blaster Toy - Default Title","57.00"
"nerf-microshots-n-strike-elite-strongarm","Nerf Microshots N-Strike Elite Strongarm","TOYS","TOY37","Nerf Microshots N-Strike Elite Strongarm - Default Title","9.00"
"nerf-modulus-tri-strike-blaster-toy","Nerf Modulus Tri-Strike Blaster Toy","TOYS","TOY38","Nerf Modulus Tri-Strike Blaster Toy - Default Title","76.00"
"nerf-modulus-recon-mk11","Nerf Modulus Recon MK11","TOYS","TOY39","Nerf Modulus Recon MK11 - Default Title","36.00"
"nerf-n-strike-elite-accustrike-series-falconfire-blaster","Nerf N-Strike Elite AccuStrike Series Falconfire Blaster","TOYS","TOY40","Nerf N-Strike Elite AccuStrike Series Falconfire Blaster - Default Title","17.00"
"dinotrux-diecast-dragonflopter-vehicle","Dinotrux Diecast Dragonflopter Vehicle","TOYS","TOY41","Dinotrux Diecast Dragonflopter Vehicle - Default Title","59.99"
"dinotrux-ace-and-click-clack-character-2-pack","Dinotrux Ace and Click-Clack Character 2-Pack","TOYS","TOY42","Dinotrux Ace and Click-Clack Character 2-Pack - Default Title","4.99"
"dinotrux-dozer-die-cast-character","Dinotrux Dozer Die-Cast Character","TOYS","TOY43","Dinotrux Dozer Die-Cast Character - Default Title","4.99"
"dinotrux-large-scale-garby-character","Dinotrux Large Scale Garby Character","TOYS","TOY44","Dinotrux Large Scale Garby Character - Default Title","22.99"
"dinotrux-revvit-and-tortool-character-2-pack","Dinotrux Revvit and Tortool Character 2-Pack","TOYS","TOY47","Dinotrux Revvit and Tortool Character 2-Pack - Default Title","4.99"
"dinotrux-rollodon-die-cast-character","Dinotrux Rollodon Die-Cast Character","TOYS","TOY48","Dinotrux Rollodon Die-Cast Character - Default Title","4.99"
"dinotrux-shadow-ty-rux-character","Dinotrux Shadow Ty Rux Character","TOYS","TOY49","Dinotrux Shadow Ty Rux Character - Default Title","4.99"
"dinotrux-skrap-it-and-waldo-character-2-pack","Dinotrux Skrap-It and Waldo Character 2-Pack","TOYS","TOY50","Dinotrux Skrap-It and Waldo Character 2-Pack - Default Title","4.99"
"megablocks-call-of-duty-seal-sub-recon","MegaBlocks Call of Duty Seal Sub Recon","TOYS","TOY51","MegaBlocks Call of Duty Seal Sub Recon - Default Title","35.99"
"mega-bloks-big-building-bag","Mega Bloks Big Building Bag","TOYS","TOY52","Mega Bloks Big Building Bag - Default Title","33.99"
"mega-bloks-thomas-and-friends","Mega Bloks Thomas and Friends","TOYS","TOY53","Mega Bloks Thomas and Friends - Default Title","19.99"
"thomas-and-friends-megabloks-sodar-adventures","Thomas and Friends Megabloks Sodar Adventures","TOYS","TOY54","Thomas and Friends Megabloks Sodar Adventures - Default Title","42.00"
"megablocks-call-of-duty-wraith-attack","MegaBlocks Call of Duty Wraith Attack","TOYS","TOY55","MegaBlocks Call of Duty Wraith Attack - Default Title","59.99"
"mega-bloks-halo-wireless-attack-mantis-set","Mega Bloks Halo Wireless Attack Mantis Set","TOYS","TOY56","Mega Bloks Halo Wireless Attack Mantis Set - Default Title","94.99"
"mega-bloks-freddy-firetruck","Mega Bloks Freddy Firetruck","TOYS","TOY57","Mega Bloks Freddy Firetruck - Default Title","25.99"
"fisher-price-mega-bloks-elephant-parade","Fisher-Price Mega Bloks Elephant Parade","TOYS","TOY58","Fisher-Price Mega Bloks Elephant Parade - Default Title","56.99"
"megablocks-halo-brute-chopper-raid","MegaBlocks Halo Brute Chopper Raid","TOYS","TOY59","MegaBlocks Halo Brute Chopper Raid - Default Title","16.99"
"megablocks-call-of-duty-atlas-mobile-turret","MegaBlocks Call of Duty Atlas Mobile Turret","TOYS","TOY60","MegaBlocks Call of Duty Atlas Mobile Turret - Default Title","24.99"
"fisher-price-shimmer-and-shine-wish-and-wear-genie-necklace","Fisher Price Shimmer and Shine - Wish and Wear Genie Necklace","TOYS","TOY61","Fisher Price Shimmer and Shine - Wish and Wear Genie Necklace - Default Title","24.99"
"fisher-price-shimmer-and-shine-genie-gem-microphone","Fisher Price Shimmer and Shine Genie Gem Microphone","TOYS","TOY62","Fisher Price Shimmer and Shine Genie Gem Microphone - Default Title","24.99"
"fisher-price-shimmer-and-shine-wish-granting-shine-bracelets","Fisher Price Shimmer and Shine Wish-Granting Shine Bracelets","TOYS","TOY63","Fisher Price Shimmer and Shine Wish-Granting Shine Bracelets - Default Title","22.99"
"fisher-price-shimmer-and-shine-magic-dress-shine","Fisher Price Shimmer and Shine Magic Dress Shine","TOYS","TOY64","Fisher Price Shimmer and Shine Magic Dress Shine - Default Title","35.99"
"fisher-price-shimmer-and-shine-magic-flying-carpet-with-dolls","Fisher Price Shimmer and Shine Magic Flying Carpet with Dolls","TOYS","TOY65","Fisher Price Shimmer and Shine Magic Flying Carpet with Dolls - Default Title","65.99"
"fisher-price-activity-fox-plush","Fisher Price Activity Fox Plush","TOYS","TOY66","Fisher Price Activity Fox Plush - Default Title","1.99"
"fisher-price-laugh-and-learn-remix-record-player","Fisher Price Laugh and Learn Remix Record Player","TOYS","TOY67","Fisher Price Laugh and Learn Remix Record Player - Default Title","46.99"
"fisher-price-laugh-and-learn-learn-around-town-bus","Fisher Price Laugh and Learn - Learn Around Town Bus","TOYS","TOY68","Fisher Price Laugh and Learn - Learn Around Town Bus - Default Title","33.99"
"fisher-price-sensory-activity-apple","Fisher Price Sensory Activity Apple","TOYS","TOY69","Fisher Price Sensory Activity Apple - Default Title","26.99"
"fisher-price-shimmer-and-shine-talk-and-sing-shine-doll","Fisher Price Shimmer And Shine - Talk And Sing Shine Doll","TOYS","TOY70","Fisher Price Shimmer And Shine - Talk And Sing Shine Doll - Default Title","35.99"
"vtech-digiart-creative-easel","Vtech Digiart Creative Easel","TOYS","TOY71","Vtech Digiart Creative Easel - Default Title","93.99"
"vtech-toot-toot-drivers-racing-rampway","Vtech Toot-Toot Drivers Racing Rampway","","TOY72","Vtech Toot-Toot Drivers Racing Rampway - Default Title","35.99"
"vtech-baby-baby-bear-laptop","VTech Baby-Baby Bear Laptop","TOYS","TOY73","VTech Baby-Baby Bear Laptop - Default Title","18.99"
"vtech-write-and-learn-touch-tablet","Vtech Write and Learn Touch Tablet","TOYS","TOY74","Vtech Write and Learn Touch Tablet - Default Title","47.99"
"vtech-baby-my-1st-car-key-rattle","VTech Baby My 1st Car Key Rattle","TOYS","TOY75","VTech Baby My 1st Car Key Rattle - Default Title","22.99"
"vtech-tiny-tot-driver","Vtech Tiny Tot Driver","TOYS","TOY76","Vtech Tiny Tot Driver - Default Title","28.99"
"vtech-baby-rhyme-and-discover-book","VTech Baby Rhyme and Discover Book","TOYS","TOY77","VTech Baby Rhyme and Discover Book - Default Title","22.99"
"vtech-sort-and-discover-drum","Vtech Sort and Discover Drum","TOYS","TOY78","Vtech Sort and Discover Drum - Default Title","24.99"
"vtech-crawl-and-learn-bright-light-ball","Vtech Crawl and Learn Bright Light Ball","TOYS","TOY79","Vtech Crawl and Learn Bright Light Ball - Default Title","29.99"
"vtech-baby-little-singing-cody","VTech Baby Little Singing Cody","TOYS","TOY80","VTech Baby Little Singing Cody - Default Title","18.99"
"vtech-number-fun-turtle","Vtech Number Fun Turtle","TOYS","TOY81","Vtech Number Fun Turtle - Default Title","22.00"
"vtech-baby-tiny-touch-remote","Vtech Baby Tiny Touch Remote","TOYS","TOY82","Vtech Baby Tiny Touch Remote - Default Title","22.99"
"vtech-crawl-along-bear-toy","Vtech Crawl Along Bear Toy","TOYS","TOY83","Vtech Crawl Along Bear Toy - Default Title","56.99"
"vtech-baby-abc-alphaberry","VTech Baby ABC Alphaberry","TOYS","TOY84","VTech Baby ABC Alphaberry - Default Title","28.99"
"vtech-baby-my-first-phone","VTech Baby My First Phone","TOYS","TOY85","VTech Baby My First Phone - Default Title","28.99"
"vtech-baby-little-singing-cora","VTech Baby Little Singing Cora","TOYS","TOY86","VTech Baby Little Singing Cora - Default Title","18.99"
"vtech-pull-n-learn-phone","Vtech Pull 'n Learn Phone","TOYS","TOY87","Vtech Pull 'n Learn Phone - Default Title","18.99"
"vtech-baby-lullaby-bear-crib-projector","VTech Baby Lullaby Bear Crib Projector","TOYS","TOY88","VTech Baby Lullaby Bear Crib Projector - Default Title","18.99"
"vtech-baby-hello-kitty-soft-book","VTech Baby Hello Kitty Soft Book","TOYS","TOY89","VTech Baby Hello Kitty Soft Book - Default Title","15.00"
"vtech-baby-my-laptop","VTech Baby My Laptop","TOYS","TOY90","VTech Baby My Laptop - Default Title","28.99"
"tobot-mini-r-toy","Tobot Mini R Toy","TOYS","TOY91","Tobot Mini R Toy - Default Title","7.50"
"voltron-classic-legendary-lions-red-lion","Voltron Classic Legendary Lions - Red Lion","TOYS","TOY92","Voltron Classic Legendary Lions - Red Lion - Default Title","24.99"
"true-heroes-army-playset-in-bucket","True Heroes Army Playset in Bucket","TOYS","TOY93","True Heroes Army Playset in Bucket - Default Title","13.00"
"tarmac-x-greenlight-nissan-gtr-r-35-falken","Tarmac x Greenlight Nissan GTR R 35 FALKEN","TOYS","TOY94","Tarmac x Greenlight Nissan GTR R 35 FALKEN - Default Title","9.99"
"pedal-r-c-eternal-warrior-air-knife-dual-mode-toy-car","Pedal R/C Eternal Warrior Air Knife Dual Mode Toy Car","TOYS","TOY95","Pedal R/C Eternal Warrior Air Knife Dual Mode Toy Car - Default Title","14.99"
"tarmac-works-1-64-honda-civic-type-r-fk2-crystal-black-pearl","Tarmac Works 1/64 Honda Civic Type R FK2 Crystal Black Pearl","TOYS","TOY96","Tarmac Works 1/64 Honda Civic Type R FK2 Crystal Black Pearl - Default Title","18.99"
"animal-zone-foam-t-rex","Animal Zone Foam T-Rex","TOYS","TOY97","Animal Zone Foam T-Rex - Default Title","11.25"
"tarmac-works-x-greenlight-1-64-nissan-gtr-r-34-japan-police","Tarmac Works X Greenlight 1/64 Nissan GTR R 34 Japan police","TOYS","TOY98","Tarmac Works X Greenlight 1/64 Nissan GTR R 34 Japan police - Default Title","9.99"
"animal-zone-stegosaurus","Animal Zone Stegosaurus","TOYS","TOY99","Animal Zone Stegosaurus - Default Title","11.99"
"tarmac-honda-civic-type-r-fk2-milano-red","Tarmac Honda Civic Type R FK2 Milano Red","TOYS","TOY100","Tarmac Honda Civic Type R FK2 Milano Red - Default Title","18.99"
"hot-wheels-ai-mario-kart-yoshi-accessory","Hot Wheels Ai Mario Kart Yoshi Accessory","TOYS","TOY101","Hot Wheels Ai Mario Kart Yoshi Accessory - Default Title","24.99"
"hot-wheels-ai-mario-kart-mario-accessory","Hot Wheels Ai Mario Kart Mario Accessory","TOYS","TOY102","Hot Wheels Ai Mario Kart Mario Accessory - Default Title","24.99"
"hot-wheels-ai-overpass-bridge-pack-accessory","Hot Wheels Ai Overpass Bridge Pack Accessory","TOYS","TOY103","Hot Wheels Ai Overpass Bridge Pack Accessory - Default Title","20.99"
"hot-wheels-ai-intelligent-race-system","Hot Wheels Ai Intelligent Race System","TOYS","TOY104","Hot Wheels Ai Intelligent Race System - Default Title","88.99"
"hot-wheels-monster-jam-el-toro-loco-showdown-play-set","Hot Wheels Monster Jam El Toro Loco Showdown Play Set","TOYS","TOY105","Hot Wheels Monster Jam El Toro Loco Showdown Play Set - Default Title","20.99"
"hot-wheels-track-builder-multi-loop-box","Hot Wheels Track Builder Multi Loop Box","TOYS","TOY106","Hot Wheels Track Builder Multi Loop Box - Default Title","20.99"
"hot-wheels-50-car-pack","Hot Wheels 50 Car Pack","TOYS","TOY107","Hot Wheels 50 Car Pack - Default Title","54.99"
"hot-wheels-20-car-pack","Hot Wheels 20 Car Pack","TOYS","TOY108","Hot Wheels 20 Car Pack - Default Title","21.99"
"hot-wheels-sky-base-blast-track-set","Hot Wheels Sky-Base Blast Track Set","TOYS","TOY109","Hot Wheels Sky-Base Blast Track Set - Default Title","14.99"
"hot-wheels-9-car-gift-pack","Hot Wheels 9 Car Gift Pack","TOYS","TOY110","Hot Wheels 9 Car Gift Pack - Default Title","8.99"
"hot-wheels-rc-sky-shock-vehicle-flame-design","Hot Wheels RC Sky Shock Vehicle - Flame Design","TOYS","TOY111","Hot Wheels RC Sky Shock Vehicle - Flame Design - Default Title","64.99"
"hot-wheels-rc-sky-shock-vehicle-race-design","Hot Wheels RC Sky Shock Vehicle - Race Design","TOYS","TOY112","Hot Wheels RC Sky Shock Vehicle - Race Design - Default Title","64.99"
"hot-wheels-star-wars-darth-vader-play-case-set","Hot Wheels Star Wars Darth Vader Play Case Set","TOYS","TOY113","Hot Wheels Star Wars Darth Vader Play Case Set - Default Title","15.99"
"minecraft-hot-wheels-track-blocks-abandoned-mineshaft-play-set","Minecraft Hot Wheels Track Blocks Abandoned Mineshaft Play Set","TOYS","TOY114","Minecraft Hot Wheels Track Blocks Abandoned Mineshaft Play Set - Default Title","19.99"
"minecraft-hot-wheels-track-blocks-nether-fortress-play-set","Minecraft Hot Wheels Track Blocks Nether Fortress Play Set","TOYS","TOY115","Minecraft Hot Wheels Track Blocks Nether Fortress Play Set - Default Title","19.99"
"minecraft-hot-wheels-golem-toss-play-set","Minecraft Hot Wheels Golem Toss Play Set","TOYS","TOY116","Minecraft Hot Wheels Golem Toss Play Set - Default Title","15.99"
"hot-wheels-speedy-pizza-track-set","Hot Wheels Speedy Pizza Track Set","TOYS","TOY117","Hot Wheels Speedy Pizza Track Set - Default Title","14.99"
"hot-wheels-monster-jam-giant-grave-digger-truck","Hot Wheels Monster Jam Giant Grave Digger Truck","TOYS","TOY118","Hot Wheels Monster Jam Giant Grave Digger Truck - Default Title","24.99"
"hot-wheels-speedtropolis-track-set","Hot Wheels Speedtropolis Track Set","TOYS","TOY119","Hot Wheels Speedtropolis Track Set - Default Title","19.99"
"minecraft-hot-wheels-ghast-attack-track-playset","Minecraft Hot Wheels Ghast Attack Track Playset","TOYS","TOY120","Minecraft Hot Wheels Ghast Attack Track Playset - Default Title","30.99"
"mega-blocks-hello-kitty-summer-convertible","Mega Blocks Hello Kitty Summer Convertible","TOYS","TOY121","Mega Blocks Hello Kitty Summer Convertible - Default Title","9.99"
"ben10-style-projector-watch-worldwide","BEN10 style Projector Watch Worldwide","TOYS","TOY122","BEN10 style Projector Watch Worldwide - Default Title","18.99"
"ben-10-6-deluxe-power-up-figures-diamond-head","Ben 10 6"" Deluxe Power Up Figures - Diamond Head","TOYS","TOY123","Ben 10 6"" Deluxe Power Up Figures - Diamond Head - Default Title","18.99"
"ben-10-transform-n-battle-diamond-head-set","Ben 10 Transform-N-Battle Diamond Head Set","TOYS","TOY124","Ben 10 Transform-N-Battle Diamond Head Set - Default Title","18.99"
"ben-10-transforming-vehicle-with-figure-heatblast-rocket-flyer","Ben 10 Transforming Vehicle With Figure - Heatblast Rocket Flyer","TOYS","TOY125","Ben 10 Transforming Vehicle With Figure - Heatblast Rocket Flyer - Default Title","28.99"
"ben-10-6-deluxe-power-up-figures-cannonbolt","Ben 10 6"" Deluxe Power Up Figures - Cannonbolt","TOYS","TOY126","Ben 10 6"" Deluxe Power Up Figures - Cannonbolt - Default Title","18.99"
"ben-10-transforming-vehicle-with-figure-diamond-head-power-tank","Ben 10 Transforming Vehicle With Figure - Diamond Head Power Tank","TOYS","TOY127","Ben 10 Transforming Vehicle With Figure - Diamond Head Power Tank - Default Title","28.99"
"ben-10-6-deluxe-power-up-figures-four-arms","Ben 10 6"" Deluxe Power Up Figures - Four Arms","TOYS","TOY128","Ben 10 6"" Deluxe Power Up Figures - Four Arms - Default Title","18.99"
"ben-10-omniverse-4-inch-action-figure-malware","Ben 10 Omniverse 4 Inch Action Figure Malware","TOYS","TOY129","Ben 10 Omniverse 4 Inch Action Figure Malware - Default Title","12.99"
"ben-10-upgrade-basic-action-figure","Ben 10 Upgrade Basic Action Figure","TOYS","TOY130","Ben 10 Upgrade Basic Action Figure - Default Title","63.99"
"big-size-33-cm-digimon-adventure-palmon-plush-toy-stuffed-animals-children-gift","Big Size 33 CM Digimon Adventure Palmon Plush Toy Stuffed Animals Children Gift","TOYS","TOY131","Big Size 33 CM Digimon Adventure Palmon Plush Toy Stuffed Animals Children Gift - Default Title","57.99"
"anime-digimons-digital-monster-tanemon-plush-toys","Anime Digimons Digital Monster Tanemon Plush Toys","TOYS","TOY132","Anime Digimons Digital Monster Tanemon Plush Toys - Default Title","57.99"
"anime-digimon-adventure-patamon-stuffed-toy-plush-toys","Anime Digimon Adventure Patamon Stuffed Toy Plush Toys","TOYS","TOY133","Anime Digimon Adventure Patamon Stuffed Toy Plush Toys - Default Title","58.99"
"cute-12cm-digimon-toys-adventure-agumon-patamon-funny-stuffed-gabumon-for-kids-dolls","Cute 12CM Digimon Toys Adventure Agumon Patamon Funny Stuffed Gabumon For Kids Dolls","TOYS","TOY134","Cute 12CM Digimon Toys Adventure Agumon Patamon Funny Stuffed Gabumon For Kids Dolls - Default Title","5.99"
"high-quality-1-piece-digimon-adventure-chibimon-plush-toy-big-size-soft-dolls-stuffed-animals","High Quality 1 Piece Digimon Adventure Chibimon Plush Toy Big Size Soft Dolls Stuffed Animals","TOYS","TOY135","High Quality 1 Piece Digimon Adventure Chibimon Plush Toy Big Size Soft Dolls Stuffed Animals - Default Title","59.99"
"10inch-anime-cute-digital-monster-digimon-koromon-soft-plush-toy-doll-pillow","10inch Anime Cute Digital Monster Digimon Koromon Soft Plush Toy Doll Pillow","TOYS","TOY136","10inch Anime Cute Digital Monster Digimon Koromon Soft Plush Toy Doll Pillow - Default Title","9.99"
"digimon-plush-toys-digimon-adventure-yagami-taichi-agumon-plush-toy-doll","Digimon Plush Toys Digimon Adventure YAGAMI TAICHI Agumon Plush Toy Doll","TOYS","TOY137","Digimon Plush Toys Digimon Adventure YAGAMI TAICHI Agumon Plush Toy Doll - Default Title","24.00"
"digimon-adventure-patamon-plush-toy-cute-stuffed-animals-children-soft-dolls","Digimon Adventure Patamon Plush Toy Cute Stuffed Animals Children Soft Dolls","TOYS","TOY138","Digimon Adventure Patamon Plush Toy Cute Stuffed Animals Children Soft Dolls - Default Title","26.99"
"410cm-digimon-tailmon-plush-toy","4""10cm Digimon Tailmon Plush Toy","TOYS","TOY139","4""10cm Digimon Tailmon Plush Toy - Default Title","43.99"
"anime-cartoon-digimon-digital-monsters","Anime Cartoon Digimon Digital Monsters","TOYS","TOY140","Anime Cartoon Digimon Digital Monsters - Default Title","62.99"
"dragon-ball-super-saiyan-3-son-goku-action-figure","Dragon Ball Super Saiyan 3 Son Goku Action Figure","TOYS","TOY141","Dragon Ball Super Saiyan 3 Son Goku Action Figure - Default Title","8.99"
"funko-pop-dragon-ball-z-goku-and-flying-nimbus","Funko Pop! Dragon Ball Z: Goku and Flying Nimbus","TOYS","TOY142","Funko Pop! Dragon Ball Z: Goku and Flying Nimbus - Default Title","11.99"
"tamashii-nations-dragon-ball-z-dbz-piccolo-toy-figure","Tamashii Nations Dragon Ball Z Dbz Piccolo Toy Figure","TOYS","TOY143","Tamashii Nations Dragon Ball Z Dbz Piccolo Toy Figure - Default Title","28.99"
"dragon-ball-z-vegeta-action-figure","Dragon Ball Z Vegeta Action Figure","TOYS","TOY144","Dragon Ball Z Vegeta Action Figure - Default Title","13.99"
"dragon-ball-master-stars-piece-the-freeza-action-figure","Dragon Ball Master Stars Piece The FREEZA Action Figure","TOYS","TOY145","Dragon Ball Master Stars Piece The FREEZA Action Figure - Default Title","11.99"
"banpresto-dxf-dragon-ball-z-5-9-inch-raditz-action-figure","Banpresto Dxf Dragon Ball Z 5.9-Inch Raditz Action Figure","TOYS","TOY146","Banpresto Dxf Dragon Ball Z 5.9-Inch Raditz Action Figure - Default Title","22.99"
"banpresto-bwfc-dragon-ball-z-v6-trunks","BANPRESTO BWFC DRAGON BALL Z V6 Trunks","TOYS","TOY147","BANPRESTO BWFC DRAGON BALL Z V6 Trunks - Default Title","28.99"
"dragon-ball-gals-chichi-childhood-ver-ko-pvc-figure","Dragon Ball Gals Chichi Childhood Ver. KO PVC Figure","TOYS","TOY148","Dragon Ball Gals Chichi Childhood Ver. KO PVC Figure - Default Title","37.99"
"banpresto-resolution-of-soldiers-dragon-ball-z-mr-satan-hercule","Banpresto Resolution of Soldiers Dragon Ball Z Mr. Satan Hercule","TOYS","TOY149","Banpresto Resolution of Soldiers Dragon Ball Z Mr. Satan Hercule - Default Title","24.99"
"dragon-ball-z-sh-figuarts-shenron-ko-action-figure","Dragon Ball Z SH Figuarts Shenron KO Action Figure","TOYS","TOY150","Dragon Ball Z SH Figuarts Shenron KO Action Figure - Default Title","46.99"
"gundam-hg-1-144-aegis-gundam","Gundam HG 1/144 Aegis Gundam","TOYS","TOY151","Gundam HG 1/144 Aegis Gundam - Default Title","15.99"
"gundam-rg-1-144-tallgeese-ew","Gundam RG 1/144 Tallgeese EW","TOYS","TOY152","Gundam RG 1/144 Tallgeese EW - Default Title","32.99"
"gundam-hg-1-144-gundam-bael","Gundam HG 1/144 Gundam Bael","TOYS","TOY153","Gundam HG 1/144 Gundam Bael - Default Title","18.99"
"gundam-hg-1-144-astaroth","Gundam HG 1/144 Astaroth","TOYS","TOY154","Gundam HG 1/144 Astaroth - Default Title","12.99"
"gundam-1-144-wing-gundam-zero-custom","Gundam 1/144 Wing Gundam Zero Custom","TOYS","TOY155","Gundam 1/144 Wing Gundam Zero Custom - Default Title","14.99"
"gundam-rg-1-144-oo-raiser","Gundam RG 1/144 OO Raiser","TOYS","TOY156","Gundam RG 1/144 OO Raiser - Default Title","28.99"
"gundam-1-144-vual","Gundam 1/144 Vual","TOYS","TOY157","Gundam 1/144 Vual - Default Title","18.99"
"gundam-mg-1-100-gn-001-exia","Gundam MG 1/100 GN-001 Exia","TOYS","TOY158","Gundam MG 1/100 GN-001 Exia - Default Title","50.99"
"gundam-1-144-hguc-ms-07b3-gouf-custom","Gundam 1/144 HGUC MS-07B3 Gouf Custom","TOYS","TOY159","Gundam 1/144 HGUC MS-07B3 Gouf Custom - Default Title","15.00"
"gundam-1-144-astray-red-frame-rg","Gundam 1/144 Astray Red Frame RG","TOYS","TOY160","Gundam 1/144 Astray Red Frame RG - Default Title","32.99"
"power-rangers-ninnin-buckle-belt-weapon-carrier","Power Rangers Ninnin Buckle Belt Weapon Carrier","TOYS","TOY161","Power Rangers Ninnin Buckle Belt Weapon Carrier - Default Title","26.99"
"sabans-power-rangers-ninja-steel-dx-ninja-battle-morpher-toy","Saban's Power Rangers Ninja Steel DX Ninja Battle Morpher Toy","TOYS","TOY162","Saban's Power Rangers Ninja Steel DX Ninja Battle Morpher Toy - Default Title","52.99"
"power-rangers-dino-super-charge-deluxe-dino-charge-morpher","Power Rangers Dino Super Charge - Deluxe Dino Charge Morpher","TOYS","TOY163","Power Rangers Dino Super Charge - Deluxe Dino Charge Morpher - Default Title","50.99"
"power-rangers-dino-super-charge-t-rex-super-charge-morpher","Power Rangers Dino Super Charge - T-Rex Super Charge Morpher","TOYS","TOY164","Power Rangers Dino Super Charge - T-Rex Super Charge Morpher - Default Title","50.99"
"power-rangers-ninja-steel-dx-ninja-star-blade","Power Rangers Ninja Steel - DX Ninja Star Blade","TOYS","TOY165","Power Rangers Ninja Steel - DX Ninja Star Blade - Default Title","52.99"
"power-rangers-dino-charge-cycle-blue-ranger","Power Rangers Dino Charge Cycle Blue Ranger","TOYS","TOY166","Power Rangers Dino Charge Cycle Blue Ranger - Default Title","22.99"
"power-rangers-dsc-dino-drive-green-ranger","Power Rangers DSC Dino Drive Green Ranger","TOYS","TOY167","Power Rangers DSC Dino Drive Green Ranger - Default Title","15.99"
"sabans-power-ranger-ninja-steel-red-ranger","Saban's Power Ranger Ninja Steel Red Ranger","TOYS","TOY168","Saban's Power Ranger Ninja Steel Red Ranger - Default Title","15.00"
"power-rangers-dsc-dino-drive-green-ranger-1","Power Rangers DSC Dino Drive Green Ranger","TOYS","TOY169","Power Rangers DSC Dino Drive Green Ranger - Default Title","15.99"
"power-rangers-dino-super-charge-dino-super-drive-saber","Power Rangers Dino Super Charge - Dino Super Drive Saber","TOYS","TOY170","Power Rangers Dino Super Charge - Dino Super Drive Saber - Default Title","45.00"
"barbie-dreamhouse","Barbie Dreamhouse","TOYS","TOY171","Barbie Dreamhouse - Default Title","199.99"
"barbie-dreamcamper","Barbie DreamCamper","TOYS","TOY172","Barbie DreamCamper - Default Title","109.99"
"barbie-pet-pals-gift-set","Barbie Pet Pals Gift Set","TOYS","TOY173","Barbie Pet Pals Gift Set - Default Title","101.99"
"barbie-bakery-chef-doll-and-playset","Barbie Bakery Chef Doll and Playset","TOYS","TOY174","Barbie Bakery Chef Doll and Playset - Default Title","20.99"
"barbie-and-ken-dolls","Barbie and Ken Dolls","TOYS","TOY175","Barbie and Ken Dolls - Default Title","19.99"
"barbie-crayola-color-in-fashion-doll-and-fashions","Barbie Crayola Color-In Fashion Doll and Fashions","TOYS","TOY176","Barbie Crayola Color-In Fashion Doll and Fashions - Default Title","19.99"
"barbie-bistro-cart","Barbie Bistro Cart","TOYS","TOY177","Barbie Bistro Cart - Default Title","19.99"
"barbie-crayola-tie-dye-fashions","Barbie Crayola Tie-Dye Fashions","TOYS","TOY178","Barbie Crayola Tie-Dye Fashions - Default Title","9.99"
"barbie-skipper-babysitters-inc-doll-and-playset","Barbie Skipper Babysitters Inc. Doll and Playset","TOYS","TOY179","Barbie Skipper Babysitters Inc. Doll and Playset - Default Title","20.99"
"barbie-skipper-babysitters-inc-doll-and-accessory","Barbie Skipper Babysitters Inc. Doll and Accessory","TOYS","TOY180","Barbie Skipper Babysitters Inc. Doll and Accessory - Default Title","9.99"
"stacie-doll-with-juice-and-puppy","Stacie Doll with Juice and Puppy","TOYS","TOY181","Stacie Doll with Juice and Puppy - Default Title","9.99"
"barbie-skipper-babysitters-inc-doll","Barbie Skipper Babysitters Inc. Doll","TOYS","TOY182","Barbie Skipper Babysitters Inc. Doll - Default Title","9.99"
"skipper-doll-with-ice-cream-and-puppy","Skipper Doll with Ice Cream and Puppy","TOYS","TOY183","Skipper Doll with Ice Cream and Puppy - Default Title","9.99"
"barbie-art-studio-playset","Barbie Art Studio Playset","TOYS","TOY184","Barbie Art Studio Playset - Default Title","9.99"
"barbie-pet-groomer-doll","Barbie Pet Groomer Doll","TOYS","TOY185","Barbie Pet Groomer Doll - Default Title","19.99"
"barbie-sweetville-royal-gift-set","Barbie Sweetville Royal Gift Set","TOYS","TOY186","Barbie Sweetville Royal Gift Set - Default Title","111.99"
"barbie-2-story-house","Barbie 2-Story House","TOYS","TOY187","Barbie 2-Story House - Default Title","39.99"
"barbie-pizza-chef-doll-and-playset","Barbie Pizza Chef Doll and Playset","TOYS","TOY188","Barbie Pizza Chef Doll and Playset - Default Title","29.99"
"barbie-color-surprise-doll","Barbie Color Surprise Doll","TOYS","TOY189","Barbie Color Surprise Doll - Default Title","20.99"
"barbie-crayola-rainbow-design-fashion-set","Barbie Crayola Rainbow Design Fashion Set","TOYS","TOY190","Barbie Crayola Rainbow Design Fashion Set - Default Title","9.99"
"matchbox-jurassic-world-93-jeep-wrangler","Matchbox Jurassic World '93 Jeep Wrangler","TOYS","TOY191","Matchbox Jurassic World '93 Jeep Wrangler - Default Title","12.99"
"jurassic-world-rc-vehicle-gyrosphere-rc","Jurassic World RC Vehicle Gyrosphere RC","TOYS","TOY192","Jurassic World RC Vehicle Gyrosphere RC - Default Title","34.99"
"matchbox-hydro-car-wash","Matchbox Hydro Car Wash","TOYS","TOY193","Matchbox Hydro Car Wash - Default Title","20.99"
"matchbox-dump-truck","Matchbox Dump Truck","TOYS","TOY194","Matchbox Dump Truck - Default Title","16.99"
"matchbox-forest-utility-truck","Matchbox Forest Utility Truck","TOYS","TOY195","Matchbox Forest Utility Truck - Default Title","17.99"
"matchbox-fire-rescue-boat","Matchbox Fire Rescue Boat","TOYS","TOY196","Matchbox Fire Rescue Boat - Default Title","13.99"
"matchbox-50-car-pack","Matchbox 50 Car Pack","TOYS","TOY197","Matchbox 50 Car Pack - Default Title","49.99"
"jurassic-world-rc-vehicle-raptor-attack-rc","Jurassic World RC Vehicle Raptor Attack RC","TOYS","TOY198","Jurassic World RC Vehicle Raptor Attack RC - Default Title","49.99"
"matchbox-jurassic-world-vehicle-deep-dive-submarine-vehicle","Matchbox Jurassic World Vehicle Deep-Dive Submarine Vehicle","TOYS","TOY199","Matchbox Jurassic World Vehicle Deep-Dive Submarine Vehicle - Default Title","24.99"
"matchbox-dunk-n-launch-boat","Matchbox Dunk N Launch Boat","TOYS","TOY200","Matchbox Dunk N Launch Boat - Default Title","15.99"
"matchbox-volcano-rescue-playset","Matchbox Volcano Rescue Playset","TOYS","TOY201","Matchbox Volcano Rescue Playset - Default Title","15.99"
"matchbox-power-launcher-chinook-helicopter","Matchbox Power Launcher Chinook Helicopter","TOYS","TOY202","Matchbox Power Launcher Chinook Helicopter - Default Title","15.99"
"matchbox-jurassic-world-dino-transporters-t-rex-trailer","Matchbox Jurassic World Dino Transporters T. Rex Trailer","TOYS","TOY203","Matchbox Jurassic World Dino Transporters T. Rex Trailer - Default Title","7.99"
"matchbox-jurassic-world-dino-transporters-tyranno-hauler-vehicle-and-figure","Matchbox Jurassic World Dino Transporters Tyranno-Hauler Vehicle And Figure","TOYS","TOY204","Matchbox Jurassic World Dino Transporters Tyranno-Hauler Vehicle And Figure - Default Title","7.99"
"matchbox-garage-9-car-pack-gift-set","Matchbox Garage 9-Car Pack Gift Set","TOYS","TOY205","Matchbox Garage 9-Car Pack Gift Set - Default Title","35.99"
"cookstruction-company-mega-mixer-vehicle","Cookstruction Company Mega Mixer Vehicle","TOYS","TOY206","Cookstruction Company Mega Mixer Vehicle - Default Title","49.99"
"matchbox-grow-pro-truck","Matchbox Grow Pro Truck","TOYS","TOY207","Matchbox Grow Pro Truck - Default Title","18.99"
"matchbox-treasure-truck","Matchbox Treasure Truck","TOYS","TOY208","Matchbox Treasure Truck - Default Title","20.99"
"matchbox-elite-rescue-wave-cruiser","Matchbox Elite Rescue Wave Cruiser","TOYS","TOY209","Matchbox Elite Rescue Wave Cruiser - Default Title","14.99"
"matchbox-9-car-gift-pack","Matchbox 9 Car Gift Pack","TOYS","TOY210","Matchbox 9 Car Gift Pack - Default Title","9.79"
"matchbox-sky-busters-boeing-ah-64-apache-vehicle","Matchbox Sky Busters Boeing AH-64 Apache Vehicle","TOYS","TOY45","Matchbox Sky Busters Boeing AH-64 Apache Vehicle - Default Title","2.99"
"matchbox-sky-busters-eurofighter-typhoon-vehicle","Matchbox Sky Busters Eurofighter Typhoon Vehicle","TOYS","TOY46","Matchbox Sky Busters Eurofighter Typhoon Vehicle - Default Title","2.99"
"hatchimals-surprise-peacat-egg","Hatchimals Surprise Peacat Egg","TOYS","TOY211","Hatchimals Surprise Peacat Egg - Default Title","93.99"
"hatchimals-colleggtibles-season-2-4-pack-with-bonus","Hatchimals CollEGGtibles Season 2 - 4-Pack with Bonus","TOYS","TOY212","Hatchimals CollEGGtibles Season 2 - 4-Pack with Bonus - Default Title","15.99"
"hatchimals-colleggtibles-season-2-1-pack","Hatchimals CollEGGtibles Season 2 - 1 Pack","TOYS","TOY213","Hatchimals CollEGGtibles Season 2 - 1 Pack - Default Title","5.99"
"hatchimals-colleggtibles-2-pack-egg-carton","Hatchimals Colleggtibles 2 Pack Egg Carton","TOYS","TOY214","Hatchimals Colleggtibles 2 Pack Egg Carton - Default Title","8.99"
"hatchimals-colleggtibles-season-2-1-pack-1","Hatchimals CollEGGtibles Season 2 - 1 Pack","TOYS","TOY215","Hatchimals CollEGGtibles Season 2 - 1 Pack - Default Title","5.99"
"hatchimals-colleggtibles-2-pack-egg-carton-1","Hatchimals Colleggtibles 2 Pack Egg Carton","TOYS","TOY216","Hatchimals Colleggtibles 2 Pack Egg Carton - Default Title","8.99"
"hatchimals-colleggtibles-season-3-1pack","Hatchimals CollEGGtibles Season 3 - 1pack","TOYS","TOY217","Hatchimals CollEGGtibles Season 3 - 1pack - Default Title","5.99"
"authentic-hatchimals-colleggtibles-12-pack-egg-carton","Authentic Hatchimals CollEGGtibles 12-Pack Egg Carton","TOYS","TOY218","Authentic Hatchimals CollEGGtibles 12-Pack Egg Carton - Default Title","31.99"
"hatchimals-colleggtibles-secret-scene-playset","Hatchimals Colleggtibles Secret Scene Playset","TOYS","TOY219","Hatchimals Colleggtibles Secret Scene Playset - Default Title","28.99"
"hatchimals-colleggtibles-nursery-playset-hatchery","Hatchimals Colleggtibles Nursery Playset - Hatchery","TOYS","TOY220","Hatchimals Colleggtibles Nursery Playset - Hatchery - Default Title","46.99"
"my-little-pony-classic-doll-pinkie-pie","My Little Pony Classic Doll Pinkie Pie","TOYS","TOY221","My Little Pony Classic Doll Pinkie Pie - Default Title","13.99"
"my-little-pony-the-movie-fluttershy-seapony","My Little Pony The Movie Fluttershy - Seapony","TOYS","TOY222","My Little Pony The Movie Fluttershy - Seapony - Default Title","11.99"
"my-little-pony-friendship-is-magic-applejack-sweet-cart","My Little Pony Friendship is Magic Applejack Sweet Cart","TOYS","TOY223","My Little Pony Friendship is Magic Applejack Sweet Cart - Default Title","11.99"
"my-little-pony-the-movie-twilight-sparkle-seapony","My Little Pony The Movie Twilight Sparkle - Seapony","TOYS","TOY224","My Little Pony The Movie Twilight Sparkle - Seapony - Default Title","5.99"
"my-little-pony-classic-doll-apple-jack","My Little Pony Classic Doll Apple Jack","TOYS","TOY225","My Little Pony Classic Doll Apple Jack - Default Title","13.99"
"my-little-pony-picnic-basket","My Little Pony Picnic Basket","TOYS","TOY226","My Little Pony Picnic Basket - Default Title","7.99"
"my-little-pony-friendship-is-magic-rarity-boutique-salon","My Little Pony Friendship is Magic Rarity Boutique Salon","TOYS","TOY227","My Little Pony Friendship is Magic Rarity Boutique Salon - Default Title","11.99"
"my-little-pony-the-movie-pinkie-pie-shining-friends-figure","My Little Pony The Movie Pinkie Pie Shining Friends Figure","TOYS","TOY228","My Little Pony The Movie Pinkie Pie Shining Friends Figure - Default Title","18.99"
"my-little-pony-my-little-pony-tea-set","My Little Pony My Little Pony Tea Set","TOYS","TOY229","My Little Pony My Little Pony Tea Set - Default Title","22.99"
"my-little-pony-the-movie-fluttershy-land-and-sea-snap-on-fashion","My Little Pony the Movie Fluttershy Land and Sea Snap-On Fashion","TOYS","TOY230","My Little Pony the Movie Fluttershy Land and Sea Snap-On Fashion - Default Title","13.99"
"hot-wheels-star-wars-starship-battle-scenes-play-set","Hot Wheels Star Wars Starship Battle Scenes Play Set","TOYS","TOY231","Hot Wheels Star Wars Starship Battle Scenes Play Set - Default Title","19.99"
"hot-wheels-star-wars-trench-run-play-set","Hot Wheels Star Wars Trench Run Play Set","TOYS","TOY232","Hot Wheels Star Wars Trench Run Play Set - Default Title","9.99"
"hot-wheels-star-wars-starship-battle-scenes-play-set-assortment","Hot Wheels Star Wars Starship Battle Scenes Play Set Assortment","TOYS","TOY233","Hot Wheels Star Wars Starship Battle Scenes Play Set Assortment - Default Title","9.99"
"fighter-carship-hot-wheels-star-wars-rogue-one-partisan-x-wing-fighter-carship","Fighter Carship\nHot Wheels Star Wars Rogue One Partisan X-wing Fighter Carship","TOYS","TOY234","Fighter Carship
Hot Wheels Star Wars Rogue One Partisan X-wing Fighter Carship - Default Title","3.99"
"hot-wheels-star-wars-tie-fighter-blast-out-battle-play-set","Hot Wheels Star Wars Tie Fighter Blast-Out Battle Play Set","TOYS","TOY235","Hot Wheels Star Wars Tie Fighter Blast-Out Battle Play Set - Default Title","9.99"
"hot-wheels-star-wars-millennium-falcon-carship-vehicle","Hot Wheels Star Wars Millennium Falcon Carship Vehicle","TOYS","TOY236","Hot Wheels Star Wars Millennium Falcon Carship Vehicle - Default Title","3.99"
"hot-wheels-star-wars-stormtrooper-and-death-trooper-character-car-2-pack","Hot Wheels Star Wars Stormtrooper and Death Trooper Character Car 2-Pack","TOYS","TOY237","Hot Wheels Star Wars Stormtrooper and Death Trooper Character Car 2-Pack - Default Title","7.99"
"hot-wheels-star-wars-battle-of-geonosis-play-set","Hot Wheels Star Wars Battle of Geonosis Play Set","TOYS","TOY238","Hot Wheels Star Wars Battle of Geonosis Play Set - Default Title","9.99"
"star-wars-rogue-one-starship-4-pack","Star Wars Rogue One Starship, 4-pack","TOYS","TOY239","Star Wars Rogue One Starship, 4-pack - Default Title","12.99"
"hot-wheels-star-wars-blast-attack-resistance-x-wing-fighter-starship","Hot Wheels Star Wars Blast Attack Resistance X-Wing Fighter Starship","TOYS","TOY240","Hot Wheels Star Wars Blast Attack Resistance X-Wing Fighter Starship - Default Title","4.99"
"hot-wheels-star-wars-the-force-awakens-starship-millennium-falcon-die-cast-vehicle","Hot Wheels Star Wars The Force Awakens Starship, Millennium Falcon Die-Cast Vehicle","TOYS","TOY241","Hot Wheels Star Wars The Force Awakens Starship, Millennium Falcon Die-Cast Vehicle - Default Title","4.99"
"hot-wheels-star-wars-death-star-play-case-play-set","Hot Wheels Star Wars, Death Star Play Case, Play Set","TOYS","TOY242","Hot Wheels Star Wars, Death Star Play Case, Play Set - Default Title","7.99"
"hot-wheels-star-wars-flight-controller-handheld-accessory","HOT WHEELS Star Wars Flight Controller Handheld Accessory","TOYS","TOY243","HOT WHEELS Star Wars Flight Controller Handheld Accessory - Default Title","10.49"
"hot-wheels-star-wars-first-order-stormtrooper-and-captain-phasma","Hot Wheels Star Wars First Order Stormtrooper and Captain Phasma","TOYS","TOY244","Hot Wheels Star Wars First Order Stormtrooper and Captain Phasma - Default Title","7.99"
"hot-wheels-star-wars-darth-vader-tie-advanced-x1-prototype-starship","Hot Wheels Star Wars Darth Vader Tie Advanced X1 Prototype Starship","TOYS","TOY245","Hot Wheels Star Wars Darth Vader Tie Advanced X1 Prototype Starship - Default Title","4.99"
"hot-wheels-star-wars-slave-1-vs-jedi-starfighter-starship-2-pack","Hot Wheels Star Wars Slave 1 Vs. Jedi Starfighter Starship 2-Pack","TOYS","TOY246","Hot Wheels Star Wars Slave 1 Vs. Jedi Starfighter Starship 2-Pack - Default Title","9.99"
"hot-wheels-star-wars-character-car-2-pack-han-solo-and-greedo","Hot Wheels Star Wars Character Car 2-Pack Han Solo and Greedo","TOYS","TOY247","Hot Wheels Star Wars Character Car 2-Pack Han Solo and Greedo - Default Title","7.99"
"hot-wheels-star-wars-character-car-2-pack-luke-skywalker-and-rancor","Hot Wheels Star Wars Character Car 2-Pack Luke Skywalker and Rancor","TOYS","TOY248","Hot Wheels Star Wars Character Car 2-Pack Luke Skywalker and Rancor - Default Title","7.99"
"hot-wheels-star-wars-classic-luke-x-wing-carship-vehicle","Hot Wheels Star Wars Classic Luke X-Wing Carship Vehicle","TOYS","TOY249","Hot Wheels Star Wars Classic Luke X-Wing Carship Vehicle - Default Title","3.99"
"hot-wheels-star-wars-naboo-n-1-starfighter-starship","Hot Wheels Star Wars Naboo N-1 Starfighter Starship","TOYS","TOY250","Hot Wheels Star Wars Naboo N-1 Starfighter Starship - Default Title","4.99"
"transformers-power-of-the-primes-voyager-terrorcon-hun-gurrr-1-7-inch-figure","Transformers Power of the Primes Voyager Terrorcon Hun-Gurrr 1 7-Inch Figure","TOYS","TOY251","Transformers Power of the Primes Voyager Terrorcon Hun-Gurrr 1 7-Inch Figure - Default Title","29.99"
"transformers-robots-in-disguise-scorponok-figure","Transformers Robots in Disguise Scorponok Figure","TOYS","TOY252","Transformers Robots in Disguise Scorponok Figure - Default Title","14.99"
"transformers-generations-power-of-the-primes-deluxe-class-blackwing","Transformers Generations Power of the Primes Deluxe Class Blackwing","TOYS","TOY253","Transformers Generations Power of the Primes Deluxe Class Blackwing - Default Title","18.99"
"transformers-generations-power-of-the-primes-voyager-class-elita-1","Transformers Generations Power of the Primes Voyager Class Elita-1","TOYS","TOY254","Transformers Generations Power of the Primes Voyager Class Elita-1 - Default Title","29.99"
"transformers-power-of-the-primes-dreadwind","Transformers Power of the Primes Dreadwind","TOYS","TOY255","Transformers Power of the Primes Dreadwind - Default Title","18.99"
"transformers-power-of-the-primes-starscream","Transformers Power of the Primes Starscream","TOYS","TOY256","Transformers Power of the Primes Starscream - Default Title","29.99"
"transformers-generations-power-of-the-primes-deluxe-terrorcon-rippersnapper","Transformers Generations Power of the Primes Deluxe Terrorcon Rippersnapper","TOYS","TOY257","Transformers Generations Power of the Primes Deluxe Terrorcon Rippersnapper - Default Title","18.99"
"transformers-power-of-the-primes-rodimus-prime","Transformers Power of the Primes Rodimus Prime","TOYS","TOY258","Transformers Power of the Primes Rodimus Prime - Default Title","56.99"
"transformers-generation-project-storm-autobot-optimus-prime-7-inch-transformable-figure","Transformers Generation Project Storm Autobot Optimus Prime 7-Inch Transformable Figure","TOYS","TOY259","Transformers Generation Project Storm Autobot Optimus Prime 7-Inch Transformable Figure - Default Title","11.99"
"transformers-generation-project-storm-autobot-bumblebee-7-inch-transformable-figure","Transformers Generation Project Storm Autobot Bumblebee 7-Inch Transformable Figure","TOYS","TOY260","Transformers Generation Project Storm Autobot Bumblebee 7-Inch Transformable Figure - Default Title","11.99"
"hexbug-robotic-football-arena","HEXBUG Robotic Football Arena","TOYS","TOY261","HEXBUG Robotic Football Arena - Default Title","65.99"
"hexbug-battlebots-rivals","HEXBUG BattleBots Rivals","TOYS","TOY262","HEXBUG BattleBots Rivals - Default Title","65.99"
"hexbug-robot-wars-arena","HEXBUG Robot Wars Arena","TOYS","TOY263","HEXBUG Robot Wars Arena - Default Title","105.99"
"hexbug-nano-space-zip-line","HEXBUG nano Space Zip Line","TOYS","TOY264","HEXBUG nano Space Zip Line - Default Title","26.99"
"hexbug-robot-wars-house-robot-matilda","HEXBUG Robot Wars House Robot (Matilda)","TOYS","TOY265","HEXBUG Robot Wars House Robot (Matilda) - Default Title","52.99"
"hexbug-spider","HEXBUG Spider","TOYS","TOY266","HEXBUG Spider - Default Title","26.99"
"hexbug-nano-space-discovery-station","HEXBUG nano Space Discovery Station","TOYS","TOY267","HEXBUG nano Space Discovery Station - Default Title","39.99"
"hexbug-scarab","HEXBUG Scarab","TOYS","TOY268","HEXBUG Scarab - Default Title","10.00"
"hexbug-mouse-robotic-cat-toy-grey","HEXBUG Mouse Robotic Cat Toy (GREY)","TOYS","TOY269","HEXBUG Mouse Robotic Cat Toy (GREY) - Default Title","10.00"
"hexbug-aquabot-2-0-single","HEXBUG AquaBot 2.0 Single","TOYS","TOY270","HEXBUG AquaBot 2.0 Single - Default Title","7.99"
"disney-pixar-cars-3-ultimate-florida-speedway-gift-set","Disney Pixar Cars 3 Ultimate Florida Speedway Gift Set","TOYS","TOY271","Disney Pixar Cars 3 Ultimate Florida Speedway Gift Set - Default Title","99.99"
"disney-pixar-cars-mini-racers","Disney Pixar Cars Mini Racers","TOYS","TOY272","Disney Pixar Cars Mini Racers - Default Title","19.99"
"disney-pixar-cars-3-tech-touch-lightning-mcqueen","Disney Pixar Cars 3 Tech Touch Lightning McQueen","TOYS","TOY273","Disney Pixar Cars 3 Tech Touch Lightning McQueen - Default Title","99.99"
"disney-pixar-cars-smokeys-tractor-challenge-playset","Disney Pixar Cars Smokey's Tractor Challenge Playset","TOYS","TOY274","Disney Pixar Cars Smokey's Tractor Challenge Playset - Default Title","20.99"
"disney-pixar-cars-mini-racers-crank-and-crash-derby-playset","Disney Pixar Cars Mini Racers Crank and Crash Derby Playset","TOYS","TOY275","Disney Pixar Cars Mini Racers Crank and Crash Derby Playset - Default Title","20.99"
"disney-pixar-cars-3-crazy-8-crashers-smash-and-crash-derby-playset","Disney Pixar Cars 3 Crazy 8 Crashers Smash and Crash Derby Playset","TOYS","TOY276","Disney Pixar Cars 3 Crazy 8 Crashers Smash and Crash Derby Playset - Default Title","31.99"
"disney-pixar-cars-jackson-storm-20-inch-vehicle","Disney Pixar Cars Jackson Storm 20 Inch Vehicle","TOYS","TOY277","Disney Pixar Cars Jackson Storm 20 Inch Vehicle - Default Title","24.99"
"disney-cars-super-suspension-ramone-vehicle","Disney Cars Super Suspension Ramone Vehicle","TOYS","TOY278","Disney Cars Super Suspension Ramone Vehicle - Default Title","14.99"
"disney-pixar-cars-precision-series-lightning-mcqueen-die-cast-vehicle","Disney Pixar Cars Precision Series Lightning McQueen Die-Cast Vehicle","TOYS","TOY279","Disney Pixar Cars Precision Series Lightning McQueen Die-Cast Vehicle - Default Title","9.99"
"disney-pixar-cars-splash-racers-mack-transporter","Disney Pixar Cars Splash Racers Mack Transporter","TOYS","TOY280","Disney Pixar Cars Splash Racers Mack Transporter - Default Title","14.69"
"disney-pixar-cars-3-willy-butte-transforming-track-set","Disney Pixar Cars 3 Willy Butte Transforming Track Set","TOYS","TOY281","Disney Pixar Cars 3 Willy Butte Transforming Track Set - Default Title","18.99"
"disney-pixar-cars-piston-cup-racing-garage","Disney Pixar Cars Piston Cup Racing Garage","TOYS","TOY282","Disney Pixar Cars Piston Cup Racing Garage - Default Title","20.99"
"disney-pixar-cars-precision-series-luigis-casa-della-tires-playset","Disney Pixar Cars Precision Series Luigi's Casa Della Tires Playset","TOYS","TOY283","Disney Pixar Cars Precision Series Luigi's Casa Della Tires Playset - Default Title","104.99"
"disney-pixar-cars-precision-series-ramones-house-of-body-art-playset","Disney Pixar Cars Precision Series Ramone's House of Body Art Playset","TOYS","TOY284","Disney Pixar Cars Precision Series Ramone's House of Body Art Playset - Default Title","109.99"
"disney-pixar-cars-precision-series-sarges-surplus-hut-playset","Disney Pixar Cars Precision Series Sarge's Surplus Hut Playset","TOYS","TOY285","Disney Pixar Cars Precision Series Sarge's Surplus Hut Playset - Default Title","52.99"
"disney-pixar-cars-3-race-and-reck-lightning-mcqueen-vehicle","Disney Pixar Cars 3 Race and 'Reck Lightning McQueen Vehicle","TOYS","TOY286","Disney Pixar Cars 3 Race and 'Reck Lightning McQueen Vehicle - Default Title","14.99"
"disney-pixar-cars-wheel-action-drivers-race-and-win-playset","Disney Pixar Cars Wheel Action Drivers Race and Win Playset","TOYS","TOY287","Disney Pixar Cars Wheel Action Drivers Race and Win Playset - Default Title","11.89"
"disney-pixar-cars-3-deluxe-cars-3-mack-vehicle","Disney Pixar Cars 3 Deluxe Cars 3 Mack Vehicle","TOYS","TOY288","Disney Pixar Cars 3 Deluxe Cars 3 Mack Vehicle - Default Title","6.99"
"disney-pixar-cars-3-deluxe-red-vehicle","Disney Pixar Cars 3 Deluxe Red Vehicle","TOYS","TOY289","Disney Pixar Cars 3 Deluxe Red Vehicle - Default Title","6.99"
"disney-pixar-cars-precision-series-mater-die-cast-vehicle","Disney Pixar Cars Precision Series Mater Die-Cast Vehicle","TOYS","TOY290","Disney Pixar Cars Precision Series Mater Die-Cast Vehicle - Default Title","9.99"
"hot-wheels-marvel-spider-man-vs-venom-character-car-2-pack-with-mini-comic","Hot Wheels Marvel Spider-Man vs. Venom Character Car 2-Pack with Mini Comic","TOYS","TOY291","Hot Wheels Marvel Spider-Man vs. Venom Character Car 2-Pack with Mini Comic - Default Title","9.99"
"hot-wheels-marvel-captain-america-vs-red-skull-character-car-2-pack-with-mini-comic","Hot Wheels Marvel Captain America vs. Red Skull Character Car 2-Pack with Mini Comic","TOYS","TOY292","Hot Wheels Marvel Captain America vs. Red Skull Character Car 2-Pack with Mini Comic - Default Title","9.99"
"hot-wheels-marvel-hulk-vs-iron-man-character-car-2-pack-with-mini-comic","Hot Wheels Marvel Hulk vs. Iron Man Character Car 2-Pack with Mini Comic","TOYS","TOY293","Hot Wheels Marvel Hulk vs. Iron Man Character Car 2-Pack with Mini Comic - Default Title","9.99"
"marvel-mighty-muggs-thor-3-75-inch-figure","Marvel Mighty Muggs Thor 3.75-Inch Figure","TOYS","TOY294","Marvel Mighty Muggs Thor 3.75-Inch Figure - Default Title","11.99"
"marvel-legend-series-deadpool-deathlock-6-inch-figure","Marvel Legend Series Deadpool Deathlock 6-Inch Figure","TOYS","TOY295","Marvel Legend Series Deadpool Deathlock 6-Inch Figure - Default Title","26.99"
"marvel-mighty-muggs-captain-america-3-75-inch-figure","Marvel Mighty Muggs Captain America 3.75-Inch Figure","TOYS","TOY296","Marvel Mighty Muggs Captain America 3.75-Inch Figure - Default Title","11.99"
"marvel-thor-ragnarok-rumble-strike-hammer","Marvel Thor Ragnarok Rumble Strike Hammer","TOYS","TOY297","Marvel Thor Ragnarok Rumble Strike Hammer - Default Title","29.99"
"mighty-muggs-hulk-3-75-inch-figure","Mighty Muggs Hulk 3.75-Inch Figure","TOYS","TOY298","Mighty Muggs Hulk 3.75-Inch Figure - Default Title","11.99"
"marvel-guardians-of-the-galaxy-6-inch-marvels-nebula","Marvel Guardians of the Galaxy 6-inch Marvel's Nebula","TOYS","TOY299","Marvel Guardians of the Galaxy 6-inch Marvel's Nebula - Default Title","11.99"
"star-wars-mighty-muggs-kylo-ren-3-75-inch-figure","Star Wars Mighty Muggs Kylo Ren 3.75-Inch Figure","TOYS","TOY300","Star Wars Mighty Muggs Kylo Ren 3.75-Inch Figure - Default Title","11.99"
"crayola-my-first-washable-tripod-grip-paintbrush-pens","Crayola My First Washable Tripod Grip Paintbrush Pens","TOYS","TOY301","Crayola My First Washable Tripod Grip Paintbrush Pens - Default Title","13.99"
"crayola-my-first-jumbo-paintbrushes","Crayola My First Jumbo Paintbrushes","TOYS","TOY302","Crayola My First Jumbo Paintbrushes - Default Title","13.99"
"crayola-my-first-washable-tripod-grip-stampers","Crayola My First Washable Tripod Grip Stampers","TOYS","TOY303","Crayola My First Washable Tripod Grip Stampers - Default Title","13.99"
"crayola-jewel-maker","Crayola Jewel Maker","TOYS","TOY304","Crayola Jewel Maker - Default Title","30.99"
"crayola-silly-scents-marker-activity-kit","Crayola Silly Scents Marker Activity Kit","TOYS","TOY305","Crayola Silly Scents Marker Activity Kit - Default Title","18.99"
"crayola-marker-maker-starter-kit","Crayola Marker Maker Starter Kit","TOYS","TOY306","Crayola Marker Maker Starter Kit - Default Title","13.99"
"crayola-plastilina-kit-and-modeling-clay-kit","Crayola Plastilina Kit and Modeling Clay Kit","TOYS","TOY309","Crayola Plastilina Kit and Modeling Clay Kit - Default Title","22.99"
"crayola-color-wonder-activity-set","Crayola Color Wonder Activity Set","TOYS","TOY310","Crayola Color Wonder Activity Set - Default Title","33.99"
"intex-swim-center-family-pool-103-x-69-x-22-inch","Intex Swim Center Family Pool 103 x 69 x 22 inch","TOYS","TOY311","Intex Swim Center Family Pool 103 x 69 x 22 inch - Default Title","50.99"
"intex-crystal-blue-pool-58-x-13-inch","Intex Crystal Blue Pool 58 x 13 inch","TOYS","TOY312","Intex Crystal Blue Pool 58 x 13 inch - Default Title","13.99"
"intex-easy-set-aboveground-swimming-pool-1-83m-x-51cm","Intex Easy Set Aboveground Swimming Pool 1.83m x 51cm","TOYS","TOY313","Intex Easy Set Aboveground Swimming Pool 1.83m x 51cm - Default Title","56.99"
"intex-soft-sides-my-first-gym-giraffe-51-x-41-inch","Intex Soft Sides My First Gym Giraffe 51 x 41 inch","TOYS","TOY314","Intex Soft Sides My First Gym Giraffe 51 x 41 inch - Default Title","26.99"
"intex-stingray-ride-on-floater-74-x-57","Intex Stingray Ride-On Floater 74"" x 57""","TOYS","TOY315","Intex Stingray Ride-On Floater 74"" x 57"" - Default Title","14.99"
"intex-sea-aquarium-pool-62-1-2-x-62-1-2-x-19-1-2-inches","Intex Sea Aquarium Pool 62 1/2 x 62 1/2 x 19 1/2 Inches","TOYS","TOY316","Intex Sea Aquarium Pool 62 1/2 x 62 1/2 x 19 1/2 Inches - Default Title","52.99"
"intex-krystal-clear-filter-pump","Intex Krystal Clear Filter Pump","TOYS","TOY317","Intex Krystal Clear Filter Pump - Default Title","56.99"
"intex-flower-sunset-glow-pool","Intex Flower Sunset Glow Pool","TOYS","TOY318","Intex Flower Sunset Glow Pool - Default Title","20.99"
"intex-mega-flamingo-island-pool-floater-86-x-83-x-53-inches","Intex Mega Flamingo Island Pool Floater 86 x 83 x 53 inches","TOYS","TOY319","Intex Mega Flamingo Island Pool Floater 86 x 83 x 53 inches - Default Title","43.99"
"intex-pizza-slice-mat-pool-floater-69-x-57-inches","Intex Pizza Slice Mat Pool Floater 69 x 57 inches","TOYS","TOY320","Intex Pizza Slice Mat Pool Floater 69 x 57 inches - Default Title","23.99"
"shopkins-season-8-world-vacation-boarding-to-europe-mega-pack","Shopkins Season 8 World Vacation - Boarding to Europe Mega Pack","TOYS","TOY321","Shopkins Season 8 World Vacation - Boarding to Europe Mega Pack - Default Title","18.99"
"shopkins-shoppies-season-4-party-doll-bridie","Shopkins Shoppies Season 4 Party Doll Bridie","TOYS","TOY322","Shopkins Shoppies Season 4 Party Doll Bridie - Default Title","899.75"
"shopkins-season-8-world-vacation-oh-la-la-macaron-cafe-playset","Shopkins Season 8 World Vacation - Oh La La Macaron Cafe Playset","TOYS","TOY323","Shopkins Season 8 World Vacation - Oh La La Macaron Cafe Playset - Default Title","14.99"
"happy-places-shopkins-happyville-high-school","Happy Places Shopkins Happyville High School","TOYS","TOY324","Happy Places Shopkins Happyville High School - Default Title","37.88"
"shopkins-season-8-world-vacation-precious-jewels-collection","Shopkins Season 8 World Vacation - Precious Jewels Collection","TOYS","TOY325","Shopkins Season 8 World Vacation - Precious Jewels Collection - Default Title","14.99"
"shopkins-happy-places-puppy-parlor-jessicake-and-popette-set","Shopkins Happy Places Puppy Parlor Jessicake and Popette Set","TOYS","TOY326","Shopkins Happy Places Puppy Parlor Jessicake and Popette Set - Default Title","12.99"
"shopkins-happy-places-happy-home-games-room-and-laundry","Shopkins Happy Places - Happy Home Games Room and Laundry","TOYS","TOY327","Shopkins Happy Places - Happy Home Games Room and Laundry - Default Title","28.99"
"shopkins-world-vacation-coralee","Shopkins World Vacation Coralee","TOYS","TOY328","Shopkins World Vacation Coralee - Default Title","16.99"
"shopkins-season-8-world-vacation-boarding-to-europe-asst-2","Shopkins Season 8 World Vacation Boarding to Europe Asst 2","TOYS","TOY329","Shopkins Season 8 World Vacation Boarding to Europe Asst 2 - Default Title","9.99"
"shopkins-s4-cupcake-queen-cafe","Shopkins S4 Cupcake Queen Cafe","TOYS","TOY330","Shopkins S4 Cupcake Queen Cafe - Default Title","9.35"
"mega-construx-teenage-mutant-ninja-turtles-micro-action-figures-red-ninja","Mega Construx Teenage Mutant Ninja Turtles Micro Action Figures, Red Ninja","TOYS","TOY331","Mega Construx Teenage Mutant Ninja Turtles Micro Action Figures, Red Ninja - Default Title","2.99"
"mega-bloks-teenage-mutant-ninja-turtles-dimension-x-building-set","Mega Bloks Teenage Mutant Ninja Turtles Dimension X Building Set","TOYS","TOY332","Mega Bloks Teenage Mutant Ninja Turtles Dimension X Building Set - Default Title","14.99"
"mega-construx-teenage-mutant-ninja-turtles-classic-series-raphael-mutagen-canister","Mega Construx Teenage Mutant Ninja Turtles Classic Series Raphael Mutagen Canister","TOYS","TOY333","Mega Construx Teenage Mutant Ninja Turtles Classic Series Raphael Mutagen Canister - Default Title","7.99"
"mega-construx-teenage-mutant-ninja-turtles-classic-series-michelangelo-mutagen-canister","Mega Construx Teenage Mutant Ninja Turtles Classic Series Michelangelo Mutagen Canister","TOYS","TOY334","Mega Construx Teenage Mutant Ninja Turtles Classic Series Michelangelo Mutagen Canister - Default Title","7.99"
"mega-construx-teenage-mutant-ninja-turtles-dr-baxter-stockman-mutagen-canister","Mega Construx Teenage Mutant Ninja Turtles Dr. Baxter Stockman Mutagen Canister","TOYS","TOY335","Mega Construx Teenage Mutant Ninja Turtles Dr. Baxter Stockman Mutagen Canister - Default Title","7.99"
"mega-bloks-teenage-mutant-ninja-turtles-bebop-villain-pack","Mega Bloks Teenage Mutant Ninja Turtles Bebop Villain Pack","TOYS","TOY336","Mega Bloks Teenage Mutant Ninja Turtles Bebop Villain Pack - Default Title","15.99"
"mega-bloks-teenage-mutant-ninja-turtles-rocksteady-villain-pack","Mega Bloks Teenage Mutant Ninja Turtles Rocksteady Villain Pack","TOYS","TOY337","Mega Bloks Teenage Mutant Ninja Turtles Rocksteady Villain Pack - Default Title","15.99"
"mega-bloks-teenage-mutant-ninja-turtles-mikey-nunchuk-training","Mega Bloks Teenage Mutant Ninja Turtles Mikey Nunchuk Training","TOYS","TOY338","Mega Bloks Teenage Mutant Ninja Turtles Mikey Nunchuk Training - Default Title","6.99"
"mega-bloks-teenage-mutant-ninja-turtles-raph-skate-training","Mega Bloks Teenage Mutant Ninja Turtles Raph Skate Training","TOYS","TOY339","Mega Bloks Teenage Mutant Ninja Turtles Raph Skate Training - Default Title","6.99"
"mega-bloks-teenage-mutant-ninja-turtles-ninja-name-plate-builder","Mega Bloks Teenage Mutant Ninja Turtles Ninja Name Plate Builder","TOYS","TOY340","Mega Bloks Teenage Mutant Ninja Turtles Ninja Name Plate Builder - Default Title","13.99"
"mega-bloks-teenage-mutant-ninja-turtles-raph-dojo-combat-playset","Mega Bloks Teenage Mutant Ninja Turtles Raph Dojo Combat Playset","TOYS","TOY341","Mega Bloks Teenage Mutant Ninja Turtles Raph Dojo Combat Playset - Default Title","4.99"
"mega-bloks-teenage-mutant-ninja-turtles-leo-pizza-fury-playset","Mega Bloks Teenage Mutant Ninja Turtles Leo Pizza Fury Playset","TOYS","TOY342","Mega Bloks Teenage Mutant Ninja Turtles Leo Pizza Fury Playset - Default Title","5.99"
"mega-bloks-teenage-mutant-ninja-turtles-advent-calendar","Mega Bloks Teenage Mutant Ninja Turtles Advent Calendar","TOYS","TOY343","Mega Bloks Teenage Mutant Ninja Turtles Advent Calendar - Default Title","9.00"
"mega-bloks-teenage-mutant-ninja-turtles-baxter-mutation-lab","Mega Bloks Teenage Mutant Ninja Turtles Baxter Mutation Lab","TOYS","TOY344","Mega Bloks Teenage Mutant Ninja Turtles Baxter Mutation Lab - Default Title","7.50"
"mega-bloks-teenage-mutant-ninja-turtles-leo-shredder-showdown","Mega Bloks Teenage Mutant Ninja Turtles Leo Shredder Showdown","TOYS","TOY345","Mega Bloks Teenage Mutant Ninja Turtles Leo Shredder Showdown - Default Title","10.00"
"mega-bloks-teenage-mutant-ninja-turtles-transforming-turtle-mech","Mega Bloks Teenage Mutant Ninja Turtles Transforming Turtle Mech","TOYS","TOY346","Mega Bloks Teenage Mutant Ninja Turtles Transforming Turtle Mech - Default Title","29.39"
"mega-bloks-teenage-mutant-ninja-turtles-half-shell-heroes-cookie-factory","Mega Bloks Teenage Mutant Ninja Turtles Half-Shell Heroes Cookie Factory","TOYS","TOY347","Mega Bloks Teenage Mutant Ninja Turtles Half-Shell Heroes Cookie Factory - Default Title","8.99"
"mega-bloks-teenage-mutant-ninja-turtles-raph-heli-pack-figure","Mega Bloks Teenage Mutant Ninja Turtles Raph Heli Pack Figure","TOYS","TOY348","Mega Bloks Teenage Mutant Ninja Turtles Raph Heli Pack Figure - Default Title","2.10"
"mega-bloks-teenage-mutant-ninja-turtles-classic-party-wagon","Mega Bloks Teenage Mutant Ninja Turtles Classic Party Wagon","TOYS","TOY349","Mega Bloks Teenage Mutant Ninja Turtles Classic Party Wagon - Default Title","34.99"
"uno-teenage-mutant-ninja-turtles","UNO Teenage Mutant Ninja Turtles","TOYS","TOY350","UNO Teenage Mutant Ninja Turtles - Default Title","5.99"
"pj-masks-feature-plush-cat-boy","PJ Masks Feature Plush Cat Boy","TOYS","TOY351","PJ Masks Feature Plush Cat Boy - Default Title","31.79"
"pj-masks-collectible-figures-set-5-pack","PJ Masks Collectible Figures Set 5 pack","TOYS","TOY352","PJ Masks Collectible Figures Set 5 pack - Default Title","22.99"
"pj-masks-wheelie-vehicle-gekko","PJ Masks Wheelie Vehicle - Gekko","TOYS","TOY353","PJ Masks Wheelie Vehicle - Gekko - Default Title","13.09"
"pj-mask-rev-n-rumble-owl-glider","PJ Mask Rev-N-Rumble Owl Glider","TOYS","TOY354","PJ Mask Rev-N-Rumble Owl Glider - Default Title","18.70"
"pj-masks-wheelie-vehicle-cat-boy","PJ Masks Wheelie Vehicle - Cat Boy","TOYS","TOY355","PJ Masks Wheelie Vehicle - Cat Boy - Default Title","13.09"
"pj-masks-gekko-dress-up-set","PJ Masks Gekko Dress up Set","TOYS","TOY356","PJ Masks Gekko Dress up Set - Default Title","37.40"
"pj-masks-light-up-gekko-and-night-ninja-figure-2-pack","PJ Masks Light Up Gekko and Night Ninja Figure 2 Pack","TOYS","TOY357","PJ Masks Light Up Gekko and Night Ninja Figure 2 Pack - Default Title","13.09"
"pj-masks-wheelie-vehicle-romeo","PJ Masks Wheelie Vehicle - Romeo","TOYS","TOY358","PJ Masks Wheelie Vehicle - Romeo - Default Title","13.09"
"pj-mask-rev-n-rumble-gekko-mobile","PJ Mask Rev-N-Rumble Gekko Mobile","","TOY359","PJ Mask Rev-N-Rumble Gekko Mobile - Default Title","18.70"
"pj-masks-owlette-case","PJ Masks Owlette Case","TOYS","TOY360","PJ Masks Owlette Case - Default Title","16.73"
"funko-pop-pop-vinyl-thor-ragnarok-s1-thor-gladiator-suit","Funko Pop Pop Vinyl Thor Ragnarok S1 Thor Gladiator Suit","TOYS","TOY361","Funko Pop Pop Vinyl Thor Ragnarok S1 Thor Gladiator Suit - Default Title","13.09"
"funko-pop-games-five-nights-at-freddys-chica","Funko Pop Games Five Nights at Freddy's Chica","TOYS","TOY362","Funko Pop Games Five Nights at Freddy's Chica - Default Title","11.13"
"funko-pop-television-rugrats-chuckie-finster","Funko Pop Television Rugrats Chuckie Finster","TOYS","TOY363","Funko Pop Television Rugrats Chuckie Finster - Default Title","11.13"
"funko-pop-disney-gravity-falls-grunkle-stan","Funko Pop Disney Gravity Falls Grunkle Stan","TOYS","TOY364","Funko Pop Disney Gravity Falls Grunkle Stan - Default Title","11.13"
"funko-rock-candy-harry-potter-luna-lovegood","Funko Rock Candy Harry Potter:Luna Lovegood","TOYS","TOY365","Funko Rock Candy Harry Potter:Luna Lovegood - Default Title","13.09"
"funko-pop-nba-kevin-durant","Funko Pop NBA Kevin Durant","TOYS","TOY366","Funko Pop NBA Kevin Durant - Default Title","13.09"
"funko-pop-disney-ariel-the-little-mermai","Funko Pop Disney Ariel The Little Mermai","TOYS","TOY367","Funko Pop Disney Ariel The Little Mermai - Default Title","13.09"
"funko-pop-television-the-100-clarke-griffin","Funko Pop Television The 100 Clarke Griffin","TOYS","TOY368","Funko Pop Television The 100 Clarke Griffin - Default Title","11.13"
"funko-pop-heroes-robin","Funko Pop Heroes: Robin","TOYS","TOY369","Funko Pop Heroes: Robin - Default Title","13.09"
"funko-pop-disney-aladdin","Funko Pop Disney Aladdin","TOYS","TOY370","Funko Pop Disney Aladdin - Default Title","13.09"
"mr-potato-head-marvel-agents-of-s-p-u-d-pack","Mr. Potato Head Marvel Agents of S.P.U.D. Pack","TOYS","TOY371","Mr. Potato Head Marvel Agents of S.P.U.D. Pack - Default Title","14.99"
"playskool-friends-sesame-street-tickle-me-elmo","Playskool Friends Sesame Street Tickle Me Elmo","TOYS","TOY372","Playskool Friends Sesame Street Tickle Me Elmo - Default Title","29.99"
"playskool-friends-mr-potato-head-marvel-spider-spud-suitcase","Playskool Friends Mr. Potato Head Marvel Spider-Spud Suitcase","TOYS","TOY373","Playskool Friends Mr. Potato Head Marvel Spider-Spud Suitcase - Default Title","19.99"
"playskool-mr-potato-head-silly-suitcase","PLAYSKOOL MR. POTATO HEAD SILLY SUITCASE","TOYS","TOY374","PLAYSKOOL MR. POTATO HEAD SILLY SUITCASE - Default Title","19.99"
"playskool-heroes-transformers-rescue-bots-bumblebee","Playskool Heroes Transformers Rescue Bots Bumblebee","TOYS","TOY375","Playskool Heroes Transformers Rescue Bots Bumblebee - Default Title","9.99"
"playskool-play-favorites-lullaby-gloworm-toy-blue","PLAYSKOOL PLAY FAVORITES LULLABY GLOWORM Toy (Blue)","TOYS","TOY376","PLAYSKOOL PLAY FAVORITES LULLABY GLOWORM Toy (Blue) - Default Title","16.99"
"playskool-play-favorites-lullaby-gloworm-toy-pink","PLAYSKOOL PLAY FAVORITES LULLABY GLOWORM Toy (Pink)","TOYS","TOY377","PLAYSKOOL PLAY FAVORITES LULLABY GLOWORM Toy (Pink) - Default Title","16.99"
"playskool-mr-potato-head-luke-frywalker","Playskool Mr. Potato Head Luke Frywalker","TOYS","TOY378","Playskool Mr. Potato Head Luke Frywalker - Default Title","12.99"
"mr-potato-head-marvel-classic-scale-tony-stark-iron-man","Mr. Potato Head Marvel Classic Scale Tony Stark Iron Man","TOYS","TOY379","Mr. Potato Head Marvel Classic Scale Tony Stark Iron Man - Default Title","9.99"
"playskool-mr-potato-head","PLAYSKOOL MR. POTATO HEAD","TOYS","TOY380","PLAYSKOOL MR. POTATO HEAD - Default Title","7.99"
"elefun-and-friends-barrel-of-monkeys-game","Elefun and Friends Barrel of Monkeys Game","TOYS","TOY307","Elefun and Friends Barrel of Monkeys Game - Default Title","4.99"
"playskool-friends-mr-potato-head-han-spud-lo","Playskool Friends Mr. Potato Head Han Spud-Lo","TOYS","TOY308","Playskool Friends Mr. Potato Head Han Spud-Lo - Default Title","9.99"
"monster-high-monster-family-vampire-kitchen-playset-and-2-pack-dolls","Monster High Monster Family Vampire Kitchen Playset and 2-Pack Dolls","TOYS","TOY381","Monster High Monster Family Vampire Kitchen Playset and 2-Pack Dolls - Default Title","39.99"
"monster-high-monster-family-dolls-2-pack","Monster High Monster Family Dolls 2-Pack","TOYS","TOY382","Monster High Monster Family Dolls 2-Pack - Default Title","19.99"
"monster-high-monster-family-wolf-bunk-bed-playset-with-dolls","Monster High Monster Family Wolf Bunk Bed Playset with Dolls","TOYS","TOY383","Monster High Monster Family Wolf Bunk Bed Playset with Dolls - Default Title","25.99"
"monster-high-electrified-hair-raising-ghouls-ari-hauntington-doll","Monster High Electrified Hair-Raising Ghouls Ari Hauntington Doll","TOYS","TOY384","Monster High Electrified Hair-Raising Ghouls Ari Hauntington Doll - Default Title","14.99"
"monster-high-electrified-monstrous-hair-ghouls-clawdeen-wolf-doll","Monster High Electrified Monstrous Hair Ghouls Clawdeen Wolf Doll","TOYS","TOY385","Monster High Electrified Monstrous Hair Ghouls Clawdeen Wolf Doll - Default Title","19.99"
"monster-high-first-day-of-school-draculaura-doll","Monster High First Day of School Draculaura Doll","TOYS","TOY386","Monster High First Day of School Draculaura Doll - Default Title","14.99"
"monster-high-first-day-of-school-ari-hauntington-doll","Monster High First Day of School Ari Hauntington Doll","TOYS","TOY387","Monster High First Day of School Ari Hauntington Doll - Default Title","14.99"
"monster-high-first-day-of-school-frankie-stein-doll","Monster High First Day of School Frankie Stein Doll","TOYS","TOY388","Monster High First Day of School Frankie Stein Doll - Default Title","14.99"
"monster-high-dance-the-fright-away-draculaura-doll","Monster High Dance the Fright Away - Draculaura Doll","TOYS","TOY389","Monster High Dance the Fright Away - Draculaura Doll - Default Title","19.99"
"monster-high-dance-the-fright-away-lagoona-blue-doll","Monster High Dance the Fright Away - Lagoona Blue Doll","TOYS","TOY390","Monster High Dance the Fright Away - Lagoona Blue Doll - Default Title","14.99"
"monster-high-dance-the-fright-away-frankie-stein-doll","Monster High Dance the Fright Away - Frankie Stein Doll","TOYS","TOY391","Monster High Dance the Fright Away - Frankie Stein Doll - Default Title","19.99"
"monster-high-frankie-stein-doll","Monster High Frankie Stein Doll","TOYS","TOY392","Monster High Frankie Stein Doll - Default Title","9.99"
"monster-high-draculaura-doll","Monster High Draculaura Doll","TOYS","TOY393","Monster High Draculaura Doll - Default Title","9.99"
"monster-high-dance-the-fright-away-clawdeen-wolf-doll","Monster High Dance the Fright Away - Clawdeen Wolf Doll","TOYS","TOY394","Monster High Dance the Fright Away - Clawdeen Wolf Doll - Default Title","14.99"
"monster-high-school-playsets-gift-set","Monster High School Playsets Gift Set","TOYS","TOY395","Monster High School Playsets Gift Set - Default Title","35.99"
"monster-high-great-scarrier-reef-glowsome-ghoulfish-lagoona-blue-doll","Monster High Great Scarrier Reef Glowsome Ghoulfish Lagoona Blue Doll","TOYS","TOY396","Monster High Great Scarrier Reef Glowsome Ghoulfish Lagoona Blue Doll - Default Title","14.99"
"monster-high-fright-mares-flara-blaze-doll","Monster High Fright-Mares Flara Blaze Doll","TOYS","TOY397","Monster High Fright-Mares Flara Blaze Doll - Default Title","9.99"
"monster-high-ghoul-la-la-locker-doll","Monster High Ghoul-La-La Locker Doll","TOYS","TOY398","Monster High Ghoul-La-La Locker Doll - Default Title","19.99"
"monster-high-fright-mares-fawntine-fallowhart-doll","Monster High Fright-Mares Fawntine Fallowhart Doll","TOYS","TOY399","Monster High Fright-Mares Fawntine Fallowhart Doll - Default Title","9.99"
"monster-high-lagoona-blue-doll","Monster High Lagoona Blue Doll","TOYS","TOY400","Monster High Lagoona Blue Doll - Default Title","4.99"
"uno-card-and-monopoly-deal-card-new-game-bundle-set","Uno Card and Monopoly Deal Card New Game Bundle Set","TOYS","TOY401","Uno Card and Monopoly Deal Card New Game Bundle Set - Default Title","4.99"
"monopoly-deal-card-game-multilingual","Monopoly Deal Card Game (Multilingual)","TOYS","TOY402","Monopoly Deal Card Game (Multilingual) - Default Title","2.71"
"sodo-rider-build-build4-12-pieces-candy-toys-and-soft-confectionery-products","Sodo Rider build BUILD4 12 pieces Candy Toys and soft confectionery products","TOYS","TOY403","Sodo Rider build BUILD4 12 pieces Candy Toys and soft confectionery products - Default Title","66.99"
"rider-build-sg-full-bottle-02-10-candy-toys-and-soft-confectionery-products","Rider build SG full bottle 02 10 Candy Toys and soft confectionery products","TOYS","TOY404","Rider build SG full bottle 02 10 Candy Toys and soft confectionery products - Default Title","80.99"
"sodo-rider-build-build5-12-pieces-candy-toys-and-soft-confectionery-products","Sodo Rider build BUILD5 12 pieces Candy Toys and soft confectionery products","TOYS","TOY405","Sodo Rider build BUILD5 12 pieces Candy Toys and soft confectionery products - Default Title","62.99"
"max-factory-4545784061695-kamen-rider-dragon-knight-rider-siren-sp-026-figma-masked-original","Max Factory 4545784061695 Kamen Rider Dragon Knight Rider Siren SP-026 FIGMA Masked ORIGINAL*","TOYS","TOY406","Max Factory 4545784061695 Kamen Rider Dragon Knight Rider Siren SP-026 FIGMA Masked ORIGINAL* - Default Title","43.22"
"sic-kiwami-masked-rider-garren-action-figure-original","SIC Kiwami Masked Rider GARREN Action Figure ORIGINAL","TOYS","TOY407","SIC Kiwami Masked Rider GARREN Action Figure ORIGINAL - Default Title","14.97"
"kamen-masked-rider-ooo-o-medal-set-01","Kamen/masked Rider OOO O-Medal Set 01","TOYS","TOY408","Kamen/masked Rider OOO O-Medal Set 01 - Default Title","58.99"
"rider-build-bottle-change-rider-series-03-masked-rider-build-hawk-gatling-form","Rider build bottle change Rider Series 03 Masked Rider build Hawk Gatling form","TOYS","TOY409","Rider build bottle change Rider Series 03 Masked Rider build Hawk Gatling form - Default Title","35.23"
"kamen-masked-rider-decade-diend-ffr06-final-form-ride-actionfigurejapan-intl","Kamen Masked Rider Decade Diend Ffr06 Final Form Ride ActionfigureJapan - intl","TOYS","TOY410","Kamen Masked Rider Decade Diend Ffr06 Final Form Ride ActionfigureJapan - intl - Default Title","42.60"
"mega-construx-american-girl-saiges-picnic","Mega Construx American Girl Saige's Picnic","TOYS","TOY411","Mega Construx American Girl Saige's Picnic - Default Title","14.99"
"mega-bloks-american-girl-grace-pastry-cart","Mega Bloks American Girl Grace Pastry Cart","TOYS","TOY412","Mega Bloks American Girl Grace Pastry Cart - Default Title","9.99"
"mega-construx-american-girl-leas-2-in-1-rainforest-sanctuary","Mega Construx American Girl:  Lea's 2-in-1 Rainforest Sanctuary","TOYS","TOY413","Mega Construx American Girl:  Lea's 2-in-1 Rainforest Sanctuary - Default Title","74.99"
"mega-construx-american-girl-mckennas-gymnastics-competition","Mega Construx American Girl: McKenna's Gymnastics Competition","TOYS","TOY414","Mega Construx American Girl: McKenna's Gymnastics Competition - Default Title","29.99"
"mega-construx-american-girl-leas-beach-hut","Mega Construx American Girl Lea's Beach Hut","TOYS","TOY415","Mega Construx American Girl Lea's Beach Hut - Default Title","19.99"
"mega-construx-american-girl-kananis-shave-ice-treats","Mega Construx American Girl Kanani's Shave Ice Treats","TOYS","TOY416","Mega Construx American Girl Kanani's Shave Ice Treats - Default Title","9.99"
"mega-construx-american-girl-julies-basketball-practice","Mega Construx American Girl Julie's Basketball Practice","TOYS","TOY417","Mega Construx American Girl Julie's Basketball Practice - Default Title","19.99"
"mega-construx-american-girl-emersons-garden-theater","Mega Construx American Girl: Emerson's Garden Theater","TOYS","TOY418","Mega Construx American Girl: Emerson's Garden Theater - Default Title","19.99"
"mega-construx-american-girl-camilles-cheerful-carriage","Mega Construx American Girl: Camille's Cheerful Carriage","TOYS","TOY419","Mega Construx American Girl: Camille's Cheerful Carriage - Default Title","14.99"
"mega-construx-american-girl-willa-and-kendalls-playful-playhouse","Mega Construx American Girl Willa and Kendall's Playful Playhouse","TOYS","TOY420","Mega Construx American Girl Willa and Kendall's Playful Playhouse - Default Title","29.99"
"mega-bloks-american-girl-downtown-style-collection","Mega Bloks American Girl Downtown Style Collection","TOYS","TOY421","Mega Bloks American Girl Downtown Style Collection - Default Title","7.99"
"mega-bloks-american-girl-white-top-and-purple-skirt-mini-figure","Mega Bloks American Girl White Top and Purple Skirt Mini Figure","TOYS","TOY422","Mega Bloks American Girl White Top and Purple Skirt Mini Figure - Default Title","1.99"
"mega-bloks-american-girl-isabelle-ballet-recital","Mega Bloks American Girl Isabelle Ballet Recital","TOYS","TOY423","Mega Bloks American Girl Isabelle Ballet Recital - Default Title","32.99"
"mega-bloks-american-girl-saige-art-studio","Mega Bloks American Girl Saige Art Studio","TOYS","TOY424","Mega Bloks American Girl Saige Art Studio - Default Title","9.99"
"mega-bloks-american-girl-isabelle-ballet-recital-1","Mega Bloks American Girl Isabelle Ballet Recital","TOYS","TOY425","Mega Bloks American Girl Isabelle Ballet Recital - Default Title","32.99"
"mega-bloks-american-girl-saige-art-studio-1","Mega Bloks American Girl Saige Art Studio","TOYS","TOY426","Mega Bloks American Girl Saige Art Studio - Default Title","9.99"
"mega-bloks-american-girl-grace-2-in-1-buildable-home","Mega Bloks American Girl Grace 2-in-1 Buildable Home","TOYS","TOY427","Mega Bloks American Girl Grace 2-in-1 Buildable Home - Default Title","59.99"
"mega-bloks-american-girl-nicki-horse-stables","Mega Bloks American Girl Nicki Horse Stables","TOYS","TOY428","Mega Bloks American Girl Nicki Horse Stables - Default Title","24.99"
"mega-construx-welliewishers-peekaboo-picnic","Mega Construx WellieWishers Peekaboo Picnic","TOYS","TOY429","Mega Construx WellieWishers Peekaboo Picnic - Default Title","11.99"
"2014-holiday-barbie-ornament-african-american","2014 Holiday Barbie Ornament African-American","TOYS","TOY430","2014 Holiday Barbie Ornament African-American - Default Title","13.99"
"activity-auto","Activity Auto","TOYS","TOY431","Activity Auto - Default Title","14.99"
"constructable-vehicles","Constructable Vehicles","TOYS","TOY432","Constructable Vehicles - Default Title","24.99"
"do-re-mi-dolphins","Do Re Mi Dolphins","TOYS","TOY433","Do Re Mi Dolphins - Default Title","19.99"
"foam-cone-factory","Foam Cone Factory","TOYS","TOY434","Foam Cone Factory - Default Title","24.99"
"gearation-refrigerator-magnets","Gearation Refrigerator Magnets","TOYS","TOY435","Gearation Refrigerator Magnets - Default Title","17.99"
"hide-and-squeak-eggs","Hide and Squeak Eggs","TOYS","TOY436","Hide and Squeak Eggs - Default Title","13.99"
"octopal-squirters","Octopal Squirters","TOYS","TOY437","Octopal Squirters - Default Title","19.99"
"paddling-puppy","Paddling Puppy","TOYS","TOY438","Paddling Puppy - Default Title","13.99"
"pic-and-pop-ball-blaster","Pic and Pop Ball Blaster","TOYS","TOY439","Pic and Pop Ball Blaster - Default Title","24.99"
"pirate-ship-bath-toy","Pirate Ship Bath Toy","TOYS","TOY440","Pirate Ship Bath Toy - Default Title","19.99"
"littlest-pet-shop-rainbow-friends","Littlest Pet Shop Rainbow Friends","TOYS","TOY441","Littlest Pet Shop Rainbow Friends - Default Title","11.99"
"littlest-pet-shop-dash-horseton-and-may-duckly","Littlest Pet Shop Dash Horseton and May Duckly","TOYS","TOY442","Littlest Pet Shop Dash Horseton and May Duckly - Default Title","9.99"
"littlest-pet-shop-mini-2-pack","Littlest Pet Shop Mini 2-Pack","TOYS","TOY443","Littlest Pet Shop Mini 2-Pack - Default Title","8.99"
"littlest-pet-shop-lynette-ladyfly-and-cy-flydragon","Littlest Pet Shop Lynette Ladyfly and Cy Flydragon","TOYS","TOY444","Littlest Pet Shop Lynette Ladyfly and Cy Flydragon - Default Title","17.99"
"littlest-pet-shop-zoe-housemouse-and-fluffers-guinea","Littlest Pet Shop Zoe Housemouse and Fluffers Guinea","TOYS","TOY445","Littlest Pet Shop Zoe Housemouse and Fluffers Guinea - Default Title","5.99"
"littlest-pet-shop-chunky-waterfluff-and-mayor-perrito","Littlest Pet Shop Chunky Waterfluff and Mayor Perrito","TOYS","TOY446","Littlest Pet Shop Chunky Waterfluff and Mayor Perrito - Default Title","8.99"
"littlest-pet-shop-eda-redfish-and-wally-walro","Littlest Pet Shop Eda Redfish and Wally Walro","TOYS","TOY447","Littlest Pet Shop Eda Redfish and Wally Walro - Default Title","6.99"
"littlest-pet-shop-black-and-white","Littlest Pet Shop Black and White","TOYS","TOY448","Littlest Pet Shop Black and White - Default Title","8.99"
"littlest-pet-shop-single-pet","Littlest Pet Shop Single Pet","TOYS","TOY449","Littlest Pet Shop Single Pet - Default Title","7.99"
"littlest-pet-shop-tropical-treasures","Littlest Pet Shop Tropical Treasures","TOYS","TOY450","Littlest Pet Shop Tropical Treasures - Default Title","18.99"
"disney-princess-swimming-adventures-ariel","Disney Princess Swimming Adventures Ariel","TOYS","TOY451","Disney Princess Swimming Adventures Ariel - Default Title","28.06"
"disney-princess-color-change-reveal-ariel","Disney Princess Color Change Reveal Ariel","TOYS","TOY452","Disney Princess Color Change Reveal Ariel - Default Title","18.71"
"disney-princess-little-kingdom-happily-ever-apple-cafe","Disney Princess Little Kingdom Happily Ever Apple Cafe","TOYS","TOY453","Disney Princess Little Kingdom Happily Ever Apple Cafe - Default Title","14.97"
"disney-princess-elena-of-avalor-11inch-adventure-princess-doll","Disney Princess Elena of Avalor 11inch Adventure Princess Doll","TOYS","TOY454","Disney Princess Elena of Avalor 11inch Adventure Princess Doll - Default Title","14.03"
"disney-princess-rapunzels-magical-story-skirt-11-doll","Disney Princess Rapunzel's Magical Story Skirt 11"" Doll","TOYS","TOY455","Disney Princess Rapunzel's Magical Story Skirt 11"" Doll - Default Title","31.80"
"disney-princess-magical-movers-rapunzel","Disney Princess Magical Movers Rapunzel","TOYS","TOY456","Disney Princess Magical Movers Rapunzel - Default Title","5.61"
"disney-princess-little-kingdom-cinderella-and-ariel","Disney Princess Little Kingdom Cinderella and Ariel","TOYS","TOY457","Disney Princess Little Kingdom Cinderella and Ariel - Default Title","11.22"
"disney-princess-little-kingdom-magical-movers-pony-ride-cinderella-s-stable-playset","Disney Princess Little Kingdom Magical Movers Pony Ride Cinderella' s Stable Playset","TOYS","TOY458","Disney Princess Little Kingdom Magical Movers Pony Ride Cinderella' s Stable Playset - Default Title","14.03"
"disney-color-change-reveal-pocahontas-doll","Disney Color Change Reveal Pocahontas Doll","TOYS","TOY559","Disney Color Change Reveal Pocahontas Doll - Default Title","18.71"
"disney-princess-magical-movers-ariel","Disney Princess Magical Movers Ariel","TOYS","TOY460","Disney Princess Magical Movers Ariel - Default Title","5.61"
"kuu-kuu-harajuku-music-doll","Kuu Kuu Harajuku Music Doll","TOYS","TOY461","Kuu Kuu Harajuku Music Doll - Default Title","5.99"
"kuu-kuu-harajuku-babys-purse-playset","Kuu Kuu Harajuku Baby's Purse Playset","TOYS","TOY462","Kuu Kuu Harajuku Baby's Purse Playset - Default Title","13.99"
"kuu-kuu-harajuku-pink-cupcake-fashion-pack","Kuu Kuu Harajuku Pink Cupcake Fashion Pack","TOYS","TOY463","Kuu Kuu Harajuku Pink Cupcake Fashion Pack - Default Title","9.99"
"kuu-kuu-harajuku-concert-tour-gift-set","Kuu Kuu Harajuku Concert Tour Gift Set","TOYS","TOY464","Kuu Kuu Harajuku Concert Tour Gift Set - Default Title","111.97"
"kuu-kuu-harajuku-concert-gift-set","Kuu Kuu Harajuku Concert Gift Set","TOYS","TOY465","Kuu Kuu Harajuku Concert Gift Set - Default Title","103.96"
"kuu-kuu-harajuku-fashion-music-doll","Kuu Kuu Harajuku Fashion Music Doll","TOYS","TOY466","Kuu Kuu Harajuku Fashion Music Doll - Default Title","19.99"
"kuu-kuu-harajuku-super-strawberry-fashion-pack","Kuu Kuu Harajuku Super Strawberry Fashion Pack","TOYS","TOY467","Kuu Kuu Harajuku Super Strawberry Fashion Pack - Default Title","9.99"
"kuu-kuu-harajuku-sushi-fashion-pack","Kuu Kuu Harajuku Sushi Fashion Pack","TOYS","TOY468","Kuu Kuu Harajuku Sushi Fashion Pack - Default Title","9.99"
"kuu-kuu-harajuku-butterfly-blooms-fashion-pack","Kuu Kuu Harajuku Butterfly Blooms Fashion Pack","TOYS","TOY469","Kuu Kuu Harajuku Butterfly Blooms Fashion Pack - Default Title","9.99"
"kuu-kuu-harajuku-rainbow-unicorn-fashion-pack","Kuu Kuu Harajuku Rainbow Unicorn Fashion Pack","TOYS","TOY470","Kuu Kuu Harajuku Rainbow Unicorn Fashion Pack - Default Title","9.99"
"kuu-kuu-harajuku-angels-purse-playset","Kuu Kuu Harajuku Angel's Purse Playset","TOYS","TOY471","Kuu Kuu Harajuku Angel's Purse Playset - Default Title","13.99"
"kuu-kuu-harajuku-loves-purse-playset","Kuu Kuu Harajuku Love's Purse Playset","TOYS","TOY472","Kuu Kuu Harajuku Love's Purse Playset - Default Title","13.99"
"kuu-kuu-harajuku-gs-purse-playset","Kuu Kuu Harajuku G's Purse Playset","TOYS","TOY473","Kuu Kuu Harajuku G's Purse Playset - Default Title","13.99"
"kuu-kuu-harajuku-musics-purse-playset","Kuu Kuu Harajuku Music's Purse Playset","TOYS","TOY474","Kuu Kuu Harajuku Music's Purse Playset - Default Title","13.99"
"kuu-kuu-harajuku-music-fashion-doll-with-fashions-gift-set","Kuu Kuu Harajuku Music Fashion Doll with Fashions Gift Set","TOYS","TOY475","Kuu Kuu Harajuku Music Fashion Doll with Fashions Gift Set - Default Title","31.98"
"kuu-kuu-harajuku-baby-fashion-doll-with-fashions-gift-set","Kuu Kuu Harajuku Baby Fashion Doll with Fashions Gift Set","TOYS","TOY476","Kuu Kuu Harajuku Baby Fashion Doll with Fashions Gift Set - Default Title","31.98"
"kuu-kuu-harajuku-g-fashion-doll-with-fashions-gift-set","Kuu Kuu Harajuku G Fashion Doll with Fashions Gift Set","TOYS","TOY477","Kuu Kuu Harajuku G Fashion Doll with Fashions Gift Set - Default Title","31.98"
"kuu-kuu-harajuku-angel-doll","Kuu Kuu Harajuku Angel Doll","TOYS","TOY478","Kuu Kuu Harajuku Angel Doll - Default Title","5.99"
"kuu-kuu-harajuku-tour-bus","Kuu Kuu Harajuku Tour Bus","TOYS","TOY479","Kuu Kuu Harajuku Tour Bus - Default Title","29.99"
"kuu-kuu-harajuku-baby-doll","Kuu Kuu Harajuku Baby Doll","3","TOY480","Kuu Kuu Harajuku Baby Doll - Default Title","5.99"
"mega-construx-pokemon-gyarados-buildable-figure","Mega Construx Pokemon Gyarados Buildable Figure","TOYS","TOY481","Mega Construx Pokemon Gyarados Buildable Figure - Default Title","29.99"
"mega-construx-pokemon-charizard-buildable-figure","Mega Construx Pokemon Charizard Buildable Figure","TOYS","TOY482","Mega Construx Pokemon Charizard Buildable Figure - Default Title","19.99"
"mega-construx-pokemon-abra-buildable-figure","Mega Construx Pokemon Abra Buildable Figure","TOYS","TOY483","Mega Construx Pokemon Abra Buildable Figure - Default Title","6.99"
"mega-construx-pokemon-machop-buildable-figure","Mega Construx Pokemon Machop Buildable Figure","TOYS","TOY484","Mega Construx Pokemon Machop Buildable Figure - Default Title","6.99"
"mega-construx-pokemon-magikarp-buildable-figure","Mega Construx Pokemon Magikarp Buildable Figure","TOYS","TOY485","Mega Construx Pokemon Magikarp Buildable Figure - Default Title","6.99"
"mega-construx-pokemon-zubat-buildable-figure","Mega Construx Pokemon Zubat Buildable Figure","TOYS","TOY486","Mega Construx Pokemon Zubat Buildable Figure - Default Title","6.99"
"mega-construx-pokemon-charmeleon-buildable-figure","Mega Construx Pokemon Charmeleon Buildable Figure","TOYS","TOY487","Mega Construx Pokemon Charmeleon Buildable Figure - Default Title","9.99"
"mega-construx-pokemon-wartortle-buildable-figure","Mega Construx Pokemon Wartortle Buildable Figure","TOYS","TOY488","Mega Construx Pokemon Wartortle Buildable Figure - Default Title","9.99"
"mega-construx-pokemon-ivysaur-buildable-figure","Mega Construx Pokemon Ivysaur Buildable Figure","TOYS","TOY489","Mega Construx Pokemon Ivysaur Buildable Figure - Default Title","9.99"
"mega-construx-pokemon-spinarak","Mega Construx Pokemon Spinarak","TOYS","TOY490","Mega Construx Pokemon Spinarak - Default Title","6.99"
"mega-construx-pokemon-fomantis","Mega Construx Pokemon Fomantis","TOYS","TOY491","Mega Construx Pokemon Fomantis - Default Title","6.99"
"mega-construx-pokemon-crabrawler","Mega Construx Pokemon Crabrawler","TOYS","TOY492","Mega Construx Pokemon Crabrawler - Default Title","6.99"
"mega-construx-pokemon-grubbin","Mega Construx Pokemon Grubbin","TOYS","TOY493","Mega Construx Pokemon Grubbin - Default Title","6.99"
"mega-construx-pokemon-blastoise","Mega Construx Pokemon Blastoise","TOYS","TOY494","Mega Construx Pokemon Blastoise - Default Title","6.99"
"mega-construx-pokemon-pikachu-vs-bulbasaur","Mega Construx Pokemon Pikachu vs. Bulbasaur","TOYS","TOY495","Mega Construx Pokemon Pikachu vs. Bulbasaur - Default Title","14.99"
"mega-construx-pokemon-squirtle-vs-charmander","Mega Construx Pokemon Squirtle vs. Charmander","TOYS","TOY496","Mega Construx Pokemon Squirtle vs. Charmander - Default Title","14.99"
"mega-construx-pokemon-buildable-figures-and-environments-gift-set","Mega Construx Pokemon Buildable Figures and Environments Gift Set","TOYS","TOY497","Mega Construx Pokemon Buildable Figures and Environments Gift Set - Default Title","23.98"
"limited-edition-sdcc-2018-gengarvmega-construx-pokemon","Limited Edition SDCC 2018 GengarvMega Construx Pokemon","TOYS","TOY498","Limited Edition SDCC 2018 GengarvMega Construx Pokemon - Default Title","40.00"
"mega-construx-pokemon-rowlet-vs-eevee","Mega Construx Pokemon Rowlet vs. Eevee","TOYS","TOY499","Mega Construx Pokemon Rowlet vs. Eevee - Default Title","14.00"
"mega-construx-pokemon-buildable-figures-gift-set","Mega Construx Pokemon Buildable Figures Gift Set","TOYS","TOY500","Mega Construx Pokemon Buildable Figures Gift Set - Default Title","51.00"
